Name	Sequence	Taste	Reference
AAEAKLELLE	AAEAKLELLE	umami	http://tastepeptides-meta.com/TastePeptidesDB
AAPHENATLH	AAPHENATLH	umami	http://tastepeptides-meta.com/TastePeptidesDB
AAPY	AAPY	umami	http://pmlabstack.pythonanywhere.com/UMPred-FRL
AD	AD	umami	http://pmlabstack.pythonanywhere.com/UMPred-FRL
ADA	ADA	umami	http://pmlabstack.pythonanywhere.com/UMPred-FRL
ADE	ADE	umami	http://pmlabstack.pythonanywhere.com/UMPred-FRL
ADGLWL	ADGLWL	umami	http://tastepeptides-meta.com/TastePeptidesDB
AE	AE	umami	http://pmlabstack.pythonanywhere.com/UMPred-FRL
AEA	AEA	umami	http://pmlabstack.pythonanywhere.com/UMPred-FRL
AEASALR	AEASALR	umami	http://tastepeptides-meta.com/TastePeptidesDB
AEDLSTLR	AEDLSTLR	umami	http://tastepeptides-meta.com/TastePeptidesDB
AEEHVEAVN	AEEHVEAVN	umami	http://tastepeptides-meta.com/TastePeptidesDB
AEINKILGN	AEINKILGN	umami	http://tastepeptides-meta.com/TastePeptidesDB
AELTPEP	AELTPEP	umami	http://tastepeptides-meta.com/TastePeptidesDB
AEVKKAP	AEVKKAP	umami	http://tastepeptides-meta.com/TastePeptidesDB
AFDEK	AFDEK	umami	http://tastepeptides-meta.com/TastePeptidesDB
AFGRSIVN	AFGRSIVN	umami	http://tastepeptides-meta.com/TastePeptidesDB
AGAGPTP	AGAGPTP	umami	http://tastepeptides-meta.com/TastePeptidesDB
AGDDAPR	AGDDAPR	umami	http://tastepeptides-meta.com/TastePeptidesDB
AGFAGDDAPR	AGFAGDDAPR	umami	http://tastepeptides-meta.com/TastePeptidesDB
AGKNTNGSQF	AGKNTNGSQF	umami	http://tastepeptides-meta.com/TastePeptidesDB
AGPSIVH	AGPSIVH	umami	http://tastepeptides-meta.com/TastePeptidesDB
AH	AH	umami	http://tastepeptides-meta.com/TastePeptidesDB
AHSVRFY	AHSVRFY	umami	http://pmlabstack.pythonanywhere.com/UMPred-FRL
AKALKEEDL	AKALKEEDL	umami	http://tastepeptides-meta.com/TastePeptidesDB
AKLTSLEEECQR	AKLTSLEEECQR	umami	http://tastepeptides-meta.com/TastePeptidesDB
AKYDDIK	AKYDDIK	umami	http://tastepeptides-meta.com/TastePeptidesDB
ALASLDGEFKG	ALASLDGEFKG	umami	http://tastepeptides-meta.com/TastePeptidesDB
ALDELGT	ALDELGT	umami	http://tastepeptides-meta.com/TastePeptidesDB
ALPEEV	ALPEEV	umami	http://pmlabstack.pythonanywhere.com/UMPred-FRL
ALTSLDGEFKG	ALTSLDGEFKG	umami	http://tastepeptides-meta.com/TastePeptidesDB
AMKLEKENAL	AMKLEKENAL	umami	http://tastepeptides-meta.com/TastePeptidesDB
AMLEQVAMTDK	AMLEQVAMTDK	umami	http://tastepeptides-meta.com/TastePeptidesDB
ANPGPVRDLR	ANPGPVRDLR	umami	http://pmlabstack.pythonanywhere.com/UMPred-FRL
AQALQAQA	AQALQAQA	umami	http://pmlabstack.pythonanywhere.com/UMPred-FRL
AQKDEEKME	AQKDEEKME	umami	http://tastepeptides-meta.com/TastePeptidesDB
AREIALQELGEQAK	AREIALQELGEQAK	umami	http://tastepeptides-meta.com/TastePeptidesDB
ASLDGEFKG	ASLDGEFKG	umami	http://tastepeptides-meta.com/TastePeptidesDB
ASNMSDL	ASNMSDL	umami	http://pmlabstack.pythonanywhere.com/UMPred-FRL
AT	AT	umami	http://tastepeptides-meta.com/TastePeptidesDB
ATQ	ATQ	umami	http://tastepeptides-meta.com/TastePeptidesDB
AVLEEAQKVELK	AVLEEAQKVELK	umami	http://tastepeptides-meta.com/TastePeptidesDB
CALTP	CALTP	umami	http://pmlabstack.pythonanywhere.com/UMPred-FRL
CCNKSV	CCNKSV	umami	http://pmlabstack.pythonanywhere.com/UMPred-FRL
CE	CE	umami	http://tastepeptides-meta.com/TastePeptidesDB
CM	CM	umami	http://pmlabstack.pythonanywhere.com/UMPred-FRL
CN	CN	umami	http://tastepeptides-meta.com/TastePeptidesDB
CRD	CRD	umami	http://tastepeptides-meta.com/TastePeptidesDB
D	D	umami	http://tastepeptides-meta.com/TastePeptidesDB
DA	DA	umami	http://pmlabstack.pythonanywhere.com/UMPred-FRL
DAE	DAE	umami	http://tastepeptides-meta.com/TastePeptidesDB
DAGVIAGLNVLR	DAGVIAGLNVLR	umami	http://tastepeptides-meta.com/TastePeptidesDB
DALKKK	DALKKK	umami	http://tastepeptides-meta.com/TastePeptidesDB
DAP	DAP	umami	http://tastepeptides-meta.com/TastePeptidesDB
DAPYDYK	DAPYDYK	umami	http://tastepeptides-meta.com/TastePeptidesDB
DAT	DAT	umami	http://tastepeptides-meta.com/TastePeptidesDB
DCG	DCG	umami	http://tastepeptides-meta.com/TastePeptidesDB
DD	DD	umami	http://pmlabstack.pythonanywhere.com/UMPred-FRL
DDD	DDD	umami	http://pmlabstack.pythonanywhere.com/UMPred-FRL
DDDD	DDDD	umami	http://pmlabstack.pythonanywhere.com/UMPred-FRL
DDE	DDE	umami	http://pmlabstack.pythonanywhere.com/UMPred-FRL
DDLDR	DDLDR	umami	http://tastepeptides-meta.com/TastePeptidesDB
DDNK	DDNK	umami	http://tastepeptides-meta.com/TastePeptidesDB
DE	DE	umami	http://pmlabstack.pythonanywhere.com/UMPred-FRL
DEAVARGATF	DEAVARGATF	umami	http://tastepeptides-meta.com/TastePeptidesDB
DED	DED	umami	http://pmlabstack.pythonanywhere.com/UMPred-FRL
DEDEQPRPIP	DEDEQPRPIP	umami	http://tastepeptides-meta.com/TastePeptidesDB
DEE	DEE	umami	http://pmlabstack.pythonanywhere.com/UMPred-FRL
DEELNKLL	DEELNKLL	umami	http://tastepeptides-meta.com/TastePeptidesDB
DEGEQPRPFP	DEGEQPRPFP	umami	http://tastepeptides-meta.com/TastePeptidesDB
DEL	DEL	umami	http://pmlabstack.pythonanywhere.com/UMPred-FRL
DES	DES	umami	http://pmlabstack.pythonanywhere.com/UMPred-FRL
DFE	DFE	umami	http://tastepeptides-meta.com/TastePeptidesDB
DFKREP	DFKREP	umami	http://tastepeptides-meta.com/TastePeptidesDB
DG	DG	umami	http://pmlabstack.pythonanywhere.com/UMPred-FRL
DGC	DGC	umami	http://tastepeptides-meta.com/TastePeptidesDB
DGF	DGF	umami	http://tastepeptides-meta.com/TastePeptidesDB
DGFASD	DGFASD	umami	http://tastepeptides-meta.com/TastePeptidesDB
DGG	DGG	umami	http://pmlabstack.pythonanywhere.com/UMPred-FRL
DGGRYY	DGGRYY	umami	http://tastepeptides-meta.com/TastePeptidesDB
DGV	DGV	umami	http://tastepeptides-meta.com/TastePeptidesDB
DK	DK	umami	http://tastepeptides-meta.com/TastePeptidesDB
DL	DL	umami	http://pmlabstack.pythonanywhere.com/UMPred-FRL
DLAGRDLTDYLMKIL	DLAGRDLTDYLMKIL	umami	http://tastepeptides-meta.com/TastePeptidesDB
DLRAD	DLRAD	umami	http://tastepeptides-meta.com/TastePeptidesDB
DLTK	DLTK	umami	http://tastepeptides-meta.com/TastePeptidesDB
DPQ	DPQ	umami	http://pmlabstack.pythonanywhere.com/UMPred-FRL
DQEDDLDESLIGVK	DQEDDLDESLIGVK	umami	http://tastepeptides-meta.com/TastePeptidesDB
DQLEKQVK	DQLEKQVK	umami	http://tastepeptides-meta.com/TastePeptidesDB
DQR	DQR	umami	http://pmlabstack.pythonanywhere.com/UMPred-FRL
DR	DR	umami	http://tastepeptides-meta.com/TastePeptidesDB
DTYNPR	DTYNPR	umami	http://tastepeptides-meta.com/TastePeptidesDB
DVELSK	DVELSK	umami	http://tastepeptides-meta.com/TastePeptidesDB
DVILPVPAF	DVILPVPAF	umami	http://tastepeptides-meta.com/TastePeptidesDB
DWTDDVEAR	DWTDDVEAR	umami	http://tastepeptides-meta.com/TastePeptidesDB
E	E	umami	http://tastepeptides-meta.com/TastePeptidesDB
EA	EA	umami	http://pmlabstack.pythonanywhere.com/UMPred-FRL
EAF	EAF	umami	http://tastepeptides-meta.com/TastePeptidesDB
EAGIQ	EAGIQ	umami	http://pmlabstack.pythonanywhere.com/UMPred-FRL
EATLWDMEEK	EATLWDMEEK	umami	http://tastepeptides-meta.com/TastePeptidesDB
EAVEKPQS	EAVEKPQS	umami	http://tastepeptides-meta.com/TastePeptidesDB
ECH	ECH	umami	http://tastepeptides-meta.com/TastePeptidesDB
ED	ED	umami	http://pmlabstack.pythonanywhere.com/UMPred-FRL
EDAP	EDAP	umami	http://tastepeptides-meta.com/TastePeptidesDB
EDD	EDD	umami	http://pmlabstack.pythonanywhere.com/UMPred-FRL
EDE	EDE	umami	http://pmlabstack.pythonanywhere.com/UMPred-FRL
EDEGEQPRPF	EDEGEQPRPF	umami	http://tastepeptides-meta.com/TastePeptidesDB
EDF	EDF	umami	http://pmlabstack.pythonanywhere.com/UMPred-FRL
EDG	EDG	umami	http://pmlabstack.pythonanywhere.com/UMPred-FRL
EDV	EDV	umami	http://pmlabstack.pythonanywhere.com/UMPred-FRL
EE	EE	umami	http://pmlabstack.pythonanywhere.com/UMPred-FRL
EEAEGT	EEAEGT	umami	http://tastepeptides-meta.com/TastePeptidesDB
EED	EED	umami	http://pmlabstack.pythonanywhere.com/UMPred-FRL
EEDGK	EEDGK	umami	http://pmlabstack.pythonanywhere.com/UMPred-FRL
EEE	EEE	umami	http://pmlabstack.pythonanywhere.com/UMPred-FRL
EEEQ	EEEQ	umami	http://pmlabstack.pythonanywhere.com/UMPred-FRL
EEFLK	EEFLK	umami	http://tastepeptides-meta.com/TastePeptidesDB
EEL	EEL	umami	http://pmlabstack.pythonanywhere.com/UMPred-FRL
EFLKEQF	EFLKEQF	umami	http://tastepeptides-meta.com/TastePeptidesDB
EG	EG	umami	http://pmlabstack.pythonanywhere.com/UMPred-FRL
EGF	EGF	umami	http://pmlabstack.pythonanywhere.com/UMPred-FRL
EGS	EGS	umami	http://pmlabstack.pythonanywhere.com/UMPred-FRL
EGSEAPDGSSR	EGSEAPDGSSR	umami	http://pmlabstack.pythonanywhere.com/UMPred-FRL
EGSTIGLSK	EGSTIGLSK	umami	http://tastepeptides-meta.com/TastePeptidesDB
EGTAG	EGTAG	umami	http://tastepeptides-meta.com/TastePeptidesDB
EHGE	EHGE	umami	http://tastepeptides-meta.com/TastePeptidesDB
EHGK	EHGK	umami	http://tastepeptides-meta.com/TastePeptidesDB
EIKKAALDANEK	EIKKAALDANEK	umami	http://tastepeptides-meta.com/TastePeptidesDB
EINEL	EINEL	umami	http://pmlabstack.pythonanywhere.com/UMPred-FRL
EK	EK	umami	http://pmlabstack.pythonanywhere.com/UMPred-FRL
EL	EL	umami	http://pmlabstack.pythonanywhere.com/UMPred-FRL
ELLKLH	ELLKLH	umami	http://tastepeptides-meta.com/TastePeptidesDB
EN	EN	umami	http://pmlabstack.pythonanywhere.com/UMPred-FRL
ENE	ENE	umami	http://pmlabstack.pythonanywhere.com/UMPred-FRL
ENINEL	ENINEL	umami	http://pmlabstack.pythonanywhere.com/UMPred-FRL
EP	EP	umami	http://pmlabstack.pythonanywhere.com/UMPred-FRL
EPE	EPE	umami	http://pmlabstack.pythonanywhere.com/UMPred-FRL
EPLCNQ	EPLCNQ	umami	http://tastepeptides-meta.com/TastePeptidesDB
EQE	EQE	umami	http://pmlabstack.pythonanywhere.com/UMPred-FRL
EQEEL	EQEEL	umami	http://pmlabstack.pythonanywhere.com/UMPred-FRL
EQLEATVQKLDESR	EQLEATVQKLDESR	umami	http://tastepeptides-meta.com/TastePeptidesDB
EQQQQ	EQQQQ	umami	http://pmlabstack.pythonanywhere.com/UMPred-FRL
ES	ES	umami	http://pmlabstack.pythonanywhere.com/UMPred-FRL
ESCAPQL	ESCAPQL	umami	http://tastepeptides-meta.com/TastePeptidesDB
ESE	ESE	umami	http://tastepeptides-meta.com/TastePeptidesDB
ESHQQTLDD	ESHQQTLDD	umami	http://tastepeptides-meta.com/TastePeptidesDB
ESPERPFL	ESPERPFL	umami	http://tastepeptides-meta.com/TastePeptidesDB
ET	ET	umami	http://pmlabstack.pythonanywhere.com/UMPred-FRL
EV	EV	umami	http://pmlabstack.pythonanywhere.com/UMPred-FRL
EVAEALDAPKTT	EVAEALDAPKTT	umami	http://tastepeptides-meta.com/TastePeptidesDB
EY	EY	umami	http://pmlabstack.pythonanywhere.com/UMPred-FRL
EYPPLGRFA	EYPPLGRFA	umami	http://tastepeptides-meta.com/TastePeptidesDB
FAGDDAPR	FAGDDAPR	umami	http://tastepeptides-meta.com/TastePeptidesDB
FAGDDAPRAVFPS	FAGDDAPRAVFPS	umami	http://tastepeptides-meta.com/TastePeptidesDB
FDELLEK	FDELLEK	umami	http://tastepeptides-meta.com/TastePeptidesDB
FGEKL	FGEKL	umami	http://tastepeptides-meta.com/TastePeptidesDB
FHHGD	FHHGD	umami	http://tastepeptides-meta.com/TastePeptidesDB
FLNQDEEAR	FLNQDEEAR	umami	http://tastepeptides-meta.com/TastePeptidesDB
FNEIIKETST	FNEIIKETST	umami	http://tastepeptides-meta.com/TastePeptidesDB
FNKEE	FNKEE	umami	http://tastepeptides-meta.com/TastePeptidesDB
FQKVVA	FQKVVA	umami	http://tastepeptides-meta.com/TastePeptidesDB
FRDEHQ	FRDEHQ	umami	http://tastepeptides-meta.com/TastePeptidesDB
FSGLDGAK	FSGLDGAK	umami	http://tastepeptides-meta.com/TastePeptidesDB
FSGLDGSK	FSGLDGSK	umami	http://tastepeptides-meta.com/TastePeptidesDB
FTERVQ	FTERVQ	umami	http://tastepeptides-meta.com/TastePeptidesDB
FVGLQER	FVGLQER	umami	http://tastepeptides-meta.com/TastePeptidesDB
FVT	FVT	umami	http://tastepeptides-meta.com/TastePeptidesDB
GCG	GCG	umami	http://pmlabstack.pythonanywhere.com/UMPred-FRL
GD	GD	umami	http://pmlabstack.pythonanywhere.com/UMPred-FRL
GDG	GDG	umami	http://pmlabstack.pythonanywhere.com/UMPred-FRL
GE	GE	umami	http://pmlabstack.pythonanywhere.com/UMPred-FRL
GEG	GEG	umami	http://pmlabstack.pythonanywhere.com/UMPred-FRL
GENEEEDSGAIVTVK	GENEEEDSGAIVTVK	umami	http://tastepeptides-meta.com/TastePeptidesDB
GESMTDGF	GESMTDGF	umami	http://tastepeptides-meta.com/TastePeptidesDB
GEVED	GEVED	umami	http://tastepeptides-meta.com/TastePeptidesDB
GFGDSCTPGKNER	GFGDSCTPGKNER	umami	http://tastepeptides-meta.com/TastePeptidesDB
GFLGPQ	GFLGPQ	umami	http://tastepeptides-meta.com/TastePeptidesDB
GGGE	GGGE	umami	http://tastepeptides-meta.com/TastePeptidesDB
GGKLVVDGHAIT	GGKLVVDGHAIT	umami	http://tastepeptides-meta.com/TastePeptidesDB
GGNP	GGNP	umami	http://pmlabstack.pythonanywhere.com/UMPred-FRL
GGY	GGY	umami	http://pmlabstack.pythonanywhere.com/UMPred-FRL
GHENQR	GHENQR	umami	http://tastepeptides-meta.com/TastePeptidesDB
GHGD	GHGD	umami	http://tastepeptides-meta.com/TastePeptidesDB
GIQKELQF	GIQKELQF	umami	http://tastepeptides-meta.com/TastePeptidesDB
GLE	GLE	umami	http://tastepeptides-meta.com/TastePeptidesDB
GLLPDGTPR	GLLPDGTPR	umami	http://pmlabstack.pythonanywhere.com/UMPred-FRL
GLPD	GLPD	umami	http://tastepeptides-meta.com/TastePeptidesDB
GPAGPAGPR	GPAGPAGPR	umami	http://tastepeptides-meta.com/TastePeptidesDB
GPDPER	GPDPER	umami	http://tastepeptides-meta.com/TastePeptidesDB
GPVGYGYE	GPVGYGYE	umami	http://tastepeptides-meta.com/TastePeptidesDB
GQEDYDRLRPL	GQEDYDRLRPL	umami	http://tastepeptides-meta.com/TastePeptidesDB
GRVSNCAA	GRVSNCAA	umami	http://tastepeptides-meta.com/TastePeptidesDB
GSAQA	GSAQA	umami	http://tastepeptides-meta.com/TastePeptidesDB
GYSFTTTAER	GYSFTTTAER	umami	http://tastepeptides-meta.com/TastePeptidesDB
HCHTN	HCHTN	umami	http://pmlabstack.pythonanywhere.com/UMPred-FRL
HEAL	HEAL	umami	http://tastepeptides-meta.com/TastePeptidesDB
HEGEQGQEG	HEGEQGQEG	umami	http://tastepeptides-meta.com/TastePeptidesDB
HGEDKEGE	HGEDKEGE	umami	http://tastepeptides-meta.com/TastePeptidesDB
HHYE	HHYE	umami	http://tastepeptides-meta.com/TastePeptidesDB
HLQLAIR	HLQLAIR	umami	http://tastepeptides-meta.com/TastePeptidesDB
HLYHPVPIEE	HLYHPVPIEE	umami	http://tastepeptides-meta.com/TastePeptidesDB
HNESQN	HNESQN	umami	http://tastepeptides-meta.com/TastePeptidesDB
HV	HV	umami	http://pmlabstack.pythonanywhere.com/UMPred-FRL
HVKELE	HVKELE	umami	http://tastepeptides-meta.com/TastePeptidesDB
ID	ID	umami	http://tastepeptides-meta.com/TastePeptidesDB
IDVDGKPQIQ	IDVDGKPQIQ	umami	http://tastepeptides-meta.com/TastePeptidesDB
IE	IE	umami	http://tastepeptides-meta.com/TastePeptidesDB
IEE	IEE	umami	http://tastepeptides-meta.com/TastePeptidesDB
IGAEVYHNLK	IGAEVYHNLK	umami	http://tastepeptides-meta.com/TastePeptidesDB
IGPGLGR	IGPGLGR	umami	http://tastepeptides-meta.com/TastePeptidesDB
IIVFGRQLL	IIVFGRQLL	umami	http://tastepeptides-meta.com/TastePeptidesDB
IKDPHVD	IKDPHVD	umami	http://tastepeptides-meta.com/TastePeptidesDB
IMEALAGAGIDPRR	IMEALAGAGIDPRR	umami	http://tastepeptides-meta.com/TastePeptidesDB
INEL	INEL	umami	http://pmlabstack.pythonanywhere.com/UMPred-FRL
INKPGL	INKPGL	umami	http://tastepeptides-meta.com/TastePeptidesDB
IPIPATKT	IPIPATKT	umami	http://tastepeptides-meta.com/TastePeptidesDB
IQKELQF	IQKELQF	umami	http://tastepeptides-meta.com/TastePeptidesDB
IQQDDCK	IQQDDCK	umami	http://tastepeptides-meta.com/TastePeptidesDB
ISKEK	ISKEK	umami	http://tastepeptides-meta.com/TastePeptidesDB
KALSEEL	KALSEEL	umami	http://tastepeptides-meta.com/TastePeptidesDB
KALSEELDN	KALSEELDN	umami	http://tastepeptides-meta.com/TastePeptidesDB
KCGQ	KCGQ	umami	http://tastepeptides-meta.com/TastePeptidesDB
KDGGGGK	KDGGGGK	umami	http://tastepeptides-meta.com/TastePeptidesDB
KEMQKN	KEMQKN	umami	http://tastepeptides-meta.com/TastePeptidesDB
KEPNRQWTPR	KEPNRQWTPR	umami	http://tastepeptides-meta.com/TastePeptidesDB
KETLEQEKSG	KETLEQEKSG	umami	http://tastepeptides-meta.com/TastePeptidesDB
KG	KG	umami	http://pmlabstack.pythonanywhere.com/UMPred-FRL
KGDEESLA	KGDEESLA	umami	http://pmlabstack.pythonanywhere.com/UMPred-FRL
KGELADEE	KGELADEE	umami	http://tastepeptides-meta.com/TastePeptidesDB
KGGGGP	KGGGGP	umami	http://tastepeptides-meta.com/TastePeptidesDB
KGNEESLA	KGNEESLA	umami	http://pmlabstack.pythonanywhere.com/UMPred-FRL
KGRYER	KGRYER	umami	http://pmlabstack.pythonanywhere.com/UMPred-FRL
KGSLADEE	KGSLADEE	umami	http://pmlabstack.pythonanywhere.com/UMPred-FRL
KKMFETES	KKMFETES	umami	http://tastepeptides-meta.com/TastePeptidesDB
KSAEN	KSAEN	umami	http://tastepeptides-meta.com/TastePeptidesDB
KSLEEA	KSLEEA	umami	http://tastepeptides-meta.com/TastePeptidesDB
KTDLNFENL	KTDLNFENL	umami	http://tastepeptides-meta.com/TastePeptidesDB
KTGLSPDQF	KTGLSPDQF	umami	http://tastepeptides-meta.com/TastePeptidesDB
KVDVDSLK	KVDVDSLK	umami	http://tastepeptides-meta.com/TastePeptidesDB
LADW	LADW	umami	http://tastepeptides-meta.com/TastePeptidesDB
LAGE	LAGE	umami	http://tastepeptides-meta.com/TastePeptidesDB
LAKVH	LAKVH	umami	http://tastepeptides-meta.com/TastePeptidesDB
LDDGR	LDDGR	umami	http://tastepeptides-meta.com/TastePeptidesDB
LDELEK	LDELEK	umami	http://tastepeptides-meta.com/TastePeptidesDB
LDF	LDF	umami	http://tastepeptides-meta.com/TastePeptidesDB
LDL	LDL	umami	http://pmlabstack.pythonanywhere.com/UMPred-FRL
LE	LE	umami	http://pmlabstack.pythonanywhere.com/UMPred-FRL
LEQL	LEQL	umami	http://pmlabstack.pythonanywhere.com/UMPred-FRL
LERM	LERM	umami	http://tastepeptides-meta.com/TastePeptidesDB
LGAGGSLA	LGAGGSLA	umami	http://pmlabstack.pythonanywhere.com/UMPred-FRL
LGDVLVR	LGDVLVR	umami	http://tastepeptides-meta.com/TastePeptidesDB
LIDVDGKPQ	LIDVDGKPQ	umami	http://tastepeptides-meta.com/TastePeptidesDB
LLDAFFFDNK	LLDAFFFDNK	umami	http://tastepeptides-meta.com/TastePeptidesDB
LLEEKLK	LLEEKLK	umami	http://tastepeptides-meta.com/TastePeptidesDB
LLLLPKP	LLLLPKP	umami	http://tastepeptides-meta.com/TastePeptidesDB
LLLPGELAK	LLLPGELAK	umami	http://tastepeptides-meta.com/TastePeptidesDB
LMSL	LMSL	umami	http://tastepeptides-meta.com/TastePeptidesDB
LPDEAR	LPDEAR	umami	http://tastepeptides-meta.com/TastePeptidesDB
LPEEV	LPEEV	umami	http://pmlabstack.pythonanywhere.com/UMPred-FRL
LPG	LPG	umami	http://tastepeptides-meta.com/TastePeptidesDB
LPGD	LPGD	umami	http://tastepeptides-meta.com/TastePeptidesDB
LPGVAE	LPGVAE	umami	http://tastepeptides-meta.com/TastePeptidesDB
LPKERLYV	LPKERLYV	umami	http://tastepeptides-meta.com/TastePeptidesDB
LPLLEEAFLSR	LPLLEEAFLSR	umami	http://tastepeptides-meta.com/TastePeptidesDB
LPLQD	LPLQD	umami	http://tastepeptides-meta.com/TastePeptidesDB
LPLQDVYK	LPLQDVYK	umami	http://tastepeptides-meta.com/TastePeptidesDB
LQPLNAH	LQPLNAH	umami	http://pmlabstack.pythonanywhere.com/UMPred-FRL
LREY	LREY	umami	http://tastepeptides-meta.com/TastePeptidesDB
LSE	LSE	umami	http://tastepeptides-meta.com/TastePeptidesDB
LSERYP	LSERYP	umami	http://pmlabstack.pythonanywhere.com/UMPred-FRL
LV	LV	umami	http://pmlabstack.pythonanywhere.com/UMPred-FRL
LVG	LVG	umami	http://pmlabstack.pythonanywhere.com/UMPred-FRL
LVKGGLIP	LVKGGLIP	umami	http://tastepeptides-meta.com/TastePeptidesDB
LYANNVL	LYANNVL	umami	http://tastepeptides-meta.com/TastePeptidesDB
LYER	LYER	umami	http://pmlabstack.pythonanywhere.com/UMPred-FRL
MAASGDVGK	MAASGDVGK	umami	http://tastepeptides-meta.com/TastePeptidesDB
MEIDD	MEIDD	umami	http://tastepeptides-meta.com/TastePeptidesDB
MEREQEESTMR	MEREQEESTMR	umami	http://tastepeptides-meta.com/TastePeptidesDB
MGPENGV	MGPENGV	umami	http://tastepeptides-meta.com/TastePeptidesDB
MNLHLSF	MNLHLSF	umami	http://tastepeptides-meta.com/TastePeptidesDB
MQAMKLEK	MQAMKLEK	umami	http://tastepeptides-meta.com/TastePeptidesDB
MS	MS	umami	http://tastepeptides-meta.com/TastePeptidesDB
MTLERPW	MTLERPW	umami	http://tastepeptides-meta.com/TastePeptidesDB
MTNLLEDLSFR	MTNLLEDLSFR	umami	http://tastepeptides-meta.com/TastePeptidesDB
N	N	umami	http://tastepeptides-meta.com/TastePeptidesDB
NALKSVECYDAR	NALKSVECYDAR	umami	http://tastepeptides-meta.com/TastePeptidesDB
NEFGYSNR	NEFGYSNR	umami	http://tastepeptides-meta.com/TastePeptidesDB
NFHHGD	NFHHGD	umami	http://tastepeptides-meta.com/TastePeptidesDB
NGKET	NGKET	umami	http://pmlabstack.pythonanywhere.com/UMPred-FRL
NKHGSGK	NKHGSGK	umami	http://tastepeptides-meta.com/TastePeptidesDB
NNP	NNP	umami	http://pmlabstack.pythonanywhere.com/UMPred-FRL
NP	NP	umami	http://tastepeptides-meta.com/TastePeptidesDB
NQEGLFR	NQEGLFR	umami	http://tastepeptides-meta.com/TastePeptidesDB
NQS	NQS	umami	http://tastepeptides-meta.com/TastePeptidesDB
NRTF	NRTF	umami	http://pmlabstack.pythonanywhere.com/UMPred-FRL
NVVGET	NVVGET	umami	http://pmlabstack.pythonanywhere.com/UMPred-FRL
NWDDMEK	NWDDMEK	umami	http://tastepeptides-meta.com/TastePeptidesDB
NY	NY	umami	http://pmlabstack.pythonanywhere.com/UMPred-FRL
PAA	PAA	umami	http://pmlabstack.pythonanywhere.com/UMPred-FRL
PAATIPE	PAATIPE	umami	http://tastepeptides-meta.com/TastePeptidesDB
PAQ	PAQ	umami	http://pmlabstack.pythonanywhere.com/UMPred-FRL
PAYQVDKGN	PAYQVDKGN	umami	http://tastepeptides-meta.com/TastePeptidesDB
PDKPNT	PDKPNT	umami	http://pmlabstack.pythonanywhere.com/UMPred-FRL
PDVQAAFQK	PDVQAAFQK	umami	http://tastepeptides-meta.com/TastePeptidesDB
PE	PE	umami	http://pmlabstack.pythonanywhere.com/UMPred-FRL
PEDVIMGAF	PEDVIMGAF	umami	http://tastepeptides-meta.com/TastePeptidesDB
PET	PET	umami	http://pmlabstack.pythonanywhere.com/UMPred-FRL
PFGNTHNNFK	PFGNTHNNFK	umami	http://tastepeptides-meta.com/TastePeptidesDB
PGPAGPAGP	PGPAGPAGP	umami	http://tastepeptides-meta.com/TastePeptidesDB
PHEMQ	PHEMQ	umami	http://tastepeptides-meta.com/TastePeptidesDB
PKESEKPN	PKESEKPN	umami	http://tastepeptides-meta.com/TastePeptidesDB
PKLLLLPKP	PKLLLLPKP	umami	http://tastepeptides-meta.com/TastePeptidesDB
PPQEAAQF	PPQEAAQF	umami	http://tastepeptides-meta.com/TastePeptidesDB
PSE	PSE	umami	http://pmlabstack.pythonanywhere.com/UMPred-FRL
PTVEVDLH	PTVEVDLH	umami	http://tastepeptides-meta.com/TastePeptidesDB
PVARMCR	PVARMCR	umami	http://pmlabstack.pythonanywhere.com/UMPred-FRL
Q	Q	umami	http://tastepeptides-meta.com/TastePeptidesDB
QAEADMAR	QAEADMAR	umami	http://tastepeptides-meta.com/TastePeptidesDB
QEEL	QEEL	umami	http://pmlabstack.pythonanywhere.com/UMPred-FRL
QIEELEGK	QIEELEGK	umami	http://tastepeptides-meta.com/TastePeptidesDB
QL	QL	umami	http://pmlabstack.pythonanywhere.com/UMPred-FRL
QLQ	QLQ	umami	http://tastepeptides-meta.com/TastePeptidesDB
QP	QP	umami	http://tastepeptides-meta.com/TastePeptidesDB
QVAIAHRDAK	QVAIAHRDAK	umami	http://pmlabstack.pythonanywhere.com/UMPred-FRL
RD	RD	umami	http://tastepeptides-meta.com/TastePeptidesDB
RDETLDDW	RDETLDDW	umami	http://tastepeptides-meta.com/TastePeptidesDB
REESDFQSSF	REESDFQSSF	umami	http://tastepeptides-meta.com/TastePeptidesDB
RFRQGD	RFRQGD	umami	http://tastepeptides-meta.com/TastePeptidesDB
RGENESDEQGAIVT	RGENESDEQGAIVT	umami	http://pmlabstack.pythonanywhere.com/UMPred-FRL
RGENESEEEGAIVT	RGENESEEEGAIVT	umami	http://pmlabstack.pythonanywhere.com/UMPred-FRL
RGEPNND	RGEPNND	umami	http://tastepeptides-meta.com/TastePeptidesDB
RGG	RGG	umami	http://tastepeptides-meta.com/TastePeptidesDB
RKE	RKE	umami	http://pmlabstack.pythonanywhere.com/UMPred-FRL
RKYEEVAR	RKYEEVAR	umami	http://tastepeptides-meta.com/TastePeptidesDB
RL	RL	umami	http://pmlabstack.pythonanywhere.com/UMPred-FRL
RLGSSEVEQVQ	RLGSSEVEQVQ	umami	http://tastepeptides-meta.com/TastePeptidesDB
RPLGNC	RPLGNC	umami	http://pmlabstack.pythonanywhere.com/UMPred-FRL
RPNPFENR	RPNPFENR	umami	http://pmlabstack.pythonanywhere.com/UMPred-FRL
SAALQAG	SAALQAG	umami	http://tastepeptides-meta.com/TastePeptidesDB
SADETPR	SADETPR	umami	http://tastepeptides-meta.com/TastePeptidesDB
SAELLK	SAELLK	umami	http://tastepeptides-meta.com/TastePeptidesDB
SAEQK	SAEQK	umami	http://pmlabstack.pythonanywhere.com/UMPred-FRL
SD	SD	umami	http://tastepeptides-meta.com/TastePeptidesDB
SDRKIPEK	SDRKIPEK	umami	http://tastepeptides-meta.com/TastePeptidesDB
SDSCIR	SDSCIR	umami	http://tastepeptides-meta.com/TastePeptidesDB
SE	SE	umami	http://pmlabstack.pythonanywhere.com/UMPred-FRL
SEASNNK	SEASNNK	umami	http://tastepeptides-meta.com/TastePeptidesDB
SEE	SEE	umami	http://pmlabstack.pythonanywhere.com/UMPred-FRL
SEEK	SEEK	umami	http://tastepeptides-meta.com/TastePeptidesDB
SEETTTGVHH	SEETTTGVHH	umami	http://tastepeptides-meta.com/TastePeptidesDB
SEPSHF	SEPSHF	umami	http://tastepeptides-meta.com/TastePeptidesDB
SF	SF	umami	http://pmlabstack.pythonanywhere.com/UMPred-FRL
SFE	SFE	umami	http://pmlabstack.pythonanywhere.com/UMPred-FRL
SFEAVEAAPT	SFEAVEAAPT	umami	http://tastepeptides-meta.com/TastePeptidesDB
SGCVNEL	SGCVNEL	umami	http://tastepeptides-meta.com/TastePeptidesDB
SLADEEKG	SLADEEKG	umami	http://pmlabstack.pythonanywhere.com/UMPred-FRL
SLAKGDEE	SLAKGDEE	umami	http://pmlabstack.pythonanywhere.com/UMPred-FRL
SM	SM	umami	http://tastepeptides-meta.com/TastePeptidesDB
SNGNE	SNGNE	umami	http://tastepeptides-meta.com/TastePeptidesDB
SPE	SPE	umami	http://pmlabstack.pythonanywhere.com/UMPred-FRL
SSAVK	SSAVK	umami	http://tastepeptides-meta.com/TastePeptidesDB
SSRNEQSR	SSRNEQSR	umami	http://pmlabstack.pythonanywhere.com/UMPred-FRL
STELFK	STELFK	umami	http://tastepeptides-meta.com/TastePeptidesDB
STMLLESER	STMLLESER	umami	http://pmlabstack.pythonanywhere.com/UMPred-FRL
SYNPR	SYNPR	umami	http://tastepeptides-meta.com/TastePeptidesDB
TAY	TAY	umami	http://pmlabstack.pythonanywhere.com/UMPred-FRL
TDVEQEGD	TDVEQEGD	umami	http://tastepeptides-meta.com/TastePeptidesDB
TE	TE	umami	http://pmlabstack.pythonanywhere.com/UMPred-FRL
TESSSE	TESSSE	umami	http://pmlabstack.pythonanywhere.com/UMPred-FRL
TETKTFTLK	TETKTFTLK	umami	http://tastepeptides-meta.com/TastePeptidesDB
TFYNELR	TFYNELR	umami	http://tastepeptides-meta.com/TastePeptidesDB
TGC	TGC	umami	http://tastepeptides-meta.com/TastePeptidesDB
TGDPEK	TGDPEK	umami	http://tastepeptides-meta.com/TastePeptidesDB
TGESGAGKTVNTKR	TGESGAGKTVNTKR	umami	http://tastepeptides-meta.com/TastePeptidesDB
TGFLPEEYMK	TGFLPEEYMK	umami	http://tastepeptides-meta.com/TastePeptidesDB
TGWVDVK	TGWVDVK	umami	http://tastepeptides-meta.com/TastePeptidesDB
TIGHVDHGKTTLT	TIGHVDHGKTTLT	umami	http://tastepeptides-meta.com/TastePeptidesDB
TLFQPSF	TLFQPSF	umami	http://tastepeptides-meta.com/TastePeptidesDB
TLRRCM	TLRRCM	umami	http://pmlabstack.pythonanywhere.com/UMPred-FRL
TPPKID	TPPKID	umami	http://tastepeptides-meta.com/TastePeptidesDB
TREQMIHER	TREQMIHER	umami	http://tastepeptides-meta.com/TastePeptidesDB
TTLPDK	TTLPDK	umami	http://tastepeptides-meta.com/TastePeptidesDB
TVAGGAWTYNTTSAVTVK	TVAGGAWTYNTTSAVTVK	umami	http://tastepeptides-meta.com/TastePeptidesDB
TVDGPSH	TVDGPSH	umami	http://tastepeptides-meta.com/TastePeptidesDB
TVIDAPGHRDFI	TVIDAPGHRDFI	umami	http://tastepeptides-meta.com/TastePeptidesDB
TWKE	TWKE	umami	http://tastepeptides-meta.com/TastePeptidesDB
TYLPVH	TYLPVH	umami	http://tastepeptides-meta.com/TastePeptidesDB
TYNPK	TYNPK	umami	http://tastepeptides-meta.com/TastePeptidesDB
TYNPR	TYNPR	umami	http://tastepeptides-meta.com/TastePeptidesDB
VADLMR	VADLMR	umami	http://tastepeptides-meta.com/TastePeptidesDB
VAEQE	VAEQE	umami	http://tastepeptides-meta.com/TastePeptidesDB
VAV	VAV	umami	http://pmlabstack.pythonanywhere.com/UMPred-FRL
VD	VD	umami	http://pmlabstack.pythonanywhere.com/UMPred-FRL
VDEYIPTPER	VDEYIPTPER	umami	http://tastepeptides-meta.com/TastePeptidesDB
VDFDDLHR	VDFDDLHR	umami	http://tastepeptides-meta.com/TastePeptidesDB
VDR	VDR	umami	http://pmlabstack.pythonanywhere.com/UMPred-FRL
VDV	VDV	umami	http://pmlabstack.pythonanywhere.com/UMPred-FRL
VE	VE	umami	http://pmlabstack.pythonanywhere.com/UMPred-FRL
VEAL	VEAL	umami	http://tastepeptides-meta.com/TastePeptidesDB
VEL	VEL	umami	http://pmlabstack.pythonanywhere.com/UMPred-FRL
VENQQLAL	VENQQLAL	umami	http://tastepeptides-meta.com/TastePeptidesDB
VEV	VEV	umami	http://pmlabstack.pythonanywhere.com/UMPred-FRL
VF	VF	umami	http://pmlabstack.pythonanywhere.com/UMPred-FRL
VG	VG	umami	http://pmlabstack.pythonanywhere.com/UMPred-FRL
VGG	VGG	umami	http://pmlabstack.pythonanywhere.com/UMPred-FRL
VGNEFVTKG	VGNEFVTKG	umami	http://tastepeptides-meta.com/TastePeptidesDB
VGPDDDEKSW	VGPDDDEKSW	umami	http://tastepeptides-meta.com/TastePeptidesDB
VLPTDQNFILR	VLPTDQNFILR	umami	http://pmlabstack.pythonanywhere.com/UMPred-FRL
VNVDEVGGEALGR	VNVDEVGGEALGR	umami	http://tastepeptides-meta.com/TastePeptidesDB
VPVDILDHDNN	VPVDILDHDNN	umami	http://tastepeptides-meta.com/TastePeptidesDB
VPY	VPY	umami	http://pmlabstack.pythonanywhere.com/UMPred-FRL
VQPEDNKGVFQ	VQPEDNKGVFQ	umami	http://tastepeptides-meta.com/TastePeptidesDB
VRSY	VRSY	umami	http://pmlabstack.pythonanywhere.com/UMPred-FRL
VTADESQQDVLK	VTADESQQDVLK	umami	http://pmlabstack.pythonanywhere.com/UMPred-FRL
VV	VV	umami	http://pmlabstack.pythonanywhere.com/UMPred-FRL
VVGET	VVGET	umami	http://pmlabstack.pythonanywhere.com/UMPred-FRL
VVLNPVARVE	VVLNPVARVE	umami	http://tastepeptides-meta.com/TastePeptidesDB
VVVGTPGRVF	VVVGTPGRVF	umami	http://tastepeptides-meta.com/TastePeptidesDB
VYETPDR	VYETPDR	umami	http://tastepeptides-meta.com/TastePeptidesDB
WDDMEK	WDDMEK	umami	http://tastepeptides-meta.com/TastePeptidesDB
WNNDAFQSSTN	WNNDAFQSSTN	umami	http://tastepeptides-meta.com/TastePeptidesDB
YADSNIQINGTDR	YADSNIQINGTDR	umami	http://tastepeptides-meta.com/TastePeptidesDB
YDSTHGRFKGEVK	YDSTHGRFKGEVK	umami	http://tastepeptides-meta.com/TastePeptidesDB
YGGTPPFV	YGGTPPFV	umami	http://pmlabstack.pythonanywhere.com/UMPred-FRL
YLASCLSSVKEEK	YLASCLSSVKEEK	umami	http://tastepeptides-meta.com/TastePeptidesDB
YNEYPPLGR	YNEYPPLGR	umami	http://tastepeptides-meta.com/TastePeptidesDB
YVDPNVLPE	YVDPNVLPE	umami	http://tastepeptides-meta.com/TastePeptidesDB
YVGDEAQSKRG	YVGDEAQSKRG	umami	http://tastepeptides-meta.com/TastePeptidesDB
AF	AF	none_umami	http://pmlabstack.pythonanywhere.com/UMPred-FRL
AGNPDIEHPE	AGNPDIEHPE	none_umami	http://pmlabstack.pythonanywhere.com/UMPred-FRL
AL	AL	none_umami	http://pmlabstack.pythonanywhere.com/UMPred-FRL
ALEPDHR	ALEPDHR	none_umami	http://pmlabstack.pythonanywhere.com/UMPred-FRL
APFPEVF	APFPEVF	none_umami	http://pmlabstack.pythonanywhere.com/UMPred-FRL
APFPEVFG	APFPEVFG	none_umami	http://pmlabstack.pythonanywhere.com/UMPred-FRL
APK	APK	none_umami	http://pmlabstack.pythonanywhere.com/UMPred-FRL
APKHKEMPFPKYPVEPF	APKHKEMPFPKYPVEPF	none_umami	http://pmlabstack.pythonanywhere.com/UMPred-FRL
AQTQSLVYPFPGPIPNSLPQNIPPLTQ	AQTQSLVYPFPGPIPNSLPQNIPPLTQ	none_umami	http://pmlabstack.pythonanywhere.com/UMPred-FRL
AV	AV	none_umami	http://pmlabstack.pythonanywhere.com/UMPred-FRL
AYFYPEL	AYFYPEL	none_umami	http://pmlabstack.pythonanywhere.com/UMPred-FRL
DLL	DLL	none_umami	http://pmlabstack.pythonanywhere.com/UMPred-FRL
DV	DV	none_umami	http://pmlabstack.pythonanywhere.com/UMPred-FRL
DY	DY	none_umami	http://pmlabstack.pythonanywhere.com/UMPred-FRL
EEN	EEN	none_umami	http://pmlabstack.pythonanywhere.com/UMPred-FRL
EF	EF	none_umami	http://pmlabstack.pythonanywhere.com/UMPred-FRL
EGG	EGG	none_umami	http://pmlabstack.pythonanywhere.com/UMPred-FRL
EI	EI	none_umami	http://pmlabstack.pythonanywhere.com/UMPred-FRL
ELL	ELL	none_umami	http://pmlabstack.pythonanywhere.com/UMPred-FRL
EPAD	EPAD	none_umami	http://pmlabstack.pythonanywhere.com/UMPred-FRL
EQGGEQG	EQGGEQG	none_umami	http://pmlabstack.pythonanywhere.com/UMPred-FRL
EQPQQNE	EQPQQNE	none_umami	http://pmlabstack.pythonanywhere.com/UMPred-FRL
EVLN	EVLN	none_umami	http://pmlabstack.pythonanywhere.com/UMPred-FRL
FALPQYLK	FALPQYLK	none_umami	http://pmlabstack.pythonanywhere.com/UMPred-FRL
FF	FF	none_umami	http://pmlabstack.pythonanywhere.com/UMPred-FRL
FFF	FFF	none_umami	http://pmlabstack.pythonanywhere.com/UMPred-FRL
FFG	FFG	none_umami	http://pmlabstack.pythonanywhere.com/UMPred-FRL
FFGG	FFGG	none_umami	http://pmlabstack.pythonanywhere.com/UMPred-FRL
FFPE	FFPE	none_umami	http://pmlabstack.pythonanywhere.com/UMPred-FRL
FFPG	FFPG	none_umami	http://pmlabstack.pythonanywhere.com/UMPred-FRL
FFPGG	FFPGG	none_umami	http://pmlabstack.pythonanywhere.com/UMPred-FRL
FFPP	FFPP	none_umami	http://pmlabstack.pythonanywhere.com/UMPred-FRL
FFPR	FFPR	none_umami	http://pmlabstack.pythonanywhere.com/UMPred-FRL
FFRPFFRPFF	FFRPFFRPFF	none_umami	http://pmlabstack.pythonanywhere.com/UMPred-FRL
FFVAPFPEVFGK	FFVAPFPEVFGK	none_umami	http://pmlabstack.pythonanywhere.com/UMPred-FRL
FG	FG	none_umami	http://pmlabstack.pythonanywhere.com/UMPred-FRL
FGF	FGF	none_umami	http://pmlabstack.pythonanywhere.com/UMPred-FRL
FGFG	FGFG	none_umami	http://pmlabstack.pythonanywhere.com/UMPred-FRL
FGG	FGG	none_umami	http://pmlabstack.pythonanywhere.com/UMPred-FRL
FGGF	FGGF	none_umami	http://pmlabstack.pythonanywhere.com/UMPred-FRL
FI	FI	none_umami	http://pmlabstack.pythonanywhere.com/UMPred-FRL
FIV	FIV	none_umami	http://pmlabstack.pythonanywhere.com/UMPred-FRL
FL	FL	none_umami	http://pmlabstack.pythonanywhere.com/UMPred-FRL
FLL	FLL	none_umami	http://pmlabstack.pythonanywhere.com/UMPred-FRL
FP	FP	none_umami	http://pmlabstack.pythonanywhere.com/UMPred-FRL
FPF	FPF	none_umami	http://pmlabstack.pythonanywhere.com/UMPred-FRL
FPK	FPK	none_umami	http://pmlabstack.pythonanywhere.com/UMPred-FRL
FPP	FPP	none_umami	http://pmlabstack.pythonanywhere.com/UMPred-FRL
FPPFIV	FPPFIV	none_umami	http://pmlabstack.pythonanywhere.com/UMPred-FRL
FV	FV	none_umami	http://pmlabstack.pythonanywhere.com/UMPred-FRL
FW	FW	none_umami	http://pmlabstack.pythonanywhere.com/UMPred-FRL
FY	FY	none_umami	http://pmlabstack.pythonanywhere.com/UMPred-FRL
FYPE	FYPE	none_umami	http://pmlabstack.pythonanywhere.com/UMPred-FRL
FYPELF	FYPELF	none_umami	http://pmlabstack.pythonanywhere.com/UMPred-FRL
FYPELFR	FYPELFR	none_umami	http://pmlabstack.pythonanywhere.com/UMPred-FRL
GF	GF	none_umami	http://pmlabstack.pythonanywhere.com/UMPred-FRL
GFF	GFF	none_umami	http://pmlabstack.pythonanywhere.com/UMPred-FRL
GFG	GFG	none_umami	http://pmlabstack.pythonanywhere.com/UMPred-FRL
GGF	GGF	none_umami	http://pmlabstack.pythonanywhere.com/UMPred-FRL
GGFF	GGFF	none_umami	http://pmlabstack.pythonanywhere.com/UMPred-FRL
GGFFGG	GGFFGG	none_umami	http://pmlabstack.pythonanywhere.com/UMPred-FRL
GGGGL	GGGGL	none_umami	http://pmlabstack.pythonanywhere.com/UMPred-FRL
GGGL	GGGL	none_umami	http://pmlabstack.pythonanywhere.com/UMPred-FRL
GGGLG	GGGLG	none_umami	http://pmlabstack.pythonanywhere.com/UMPred-FRL
GGL	GGL	none_umami	http://pmlabstack.pythonanywhere.com/UMPred-FRL
GGLG	GGLG	none_umami	http://pmlabstack.pythonanywhere.com/UMPred-FRL
GGLGG	GGLGG	none_umami	http://pmlabstack.pythonanywhere.com/UMPred-FRL
GGP	GGP	none_umami	http://pmlabstack.pythonanywhere.com/UMPred-FRL
GGRGPPFIV	GGRGPPFIV	none_umami	http://pmlabstack.pythonanywhere.com/UMPred-FRL
GGRGPPFIVGG	GGRGPPFIVGG	none_umami	http://pmlabstack.pythonanywhere.com/UMPred-FRL
GGRPFF	GGRPFF	none_umami	http://pmlabstack.pythonanywhere.com/UMPred-FRL
GGRPFFGG	GGRPFFGG	none_umami	http://pmlabstack.pythonanywhere.com/UMPred-FRL
GGV	GGV	none_umami	http://pmlabstack.pythonanywhere.com/UMPred-FRL
GGVVV	GGVVV	none_umami	http://pmlabstack.pythonanywhere.com/UMPred-FRL
GI	GI	none_umami	http://pmlabstack.pythonanywhere.com/UMPred-FRL
GKHQQEEENEGG	GKHQQEEENEGG	none_umami	http://pmlabstack.pythonanywhere.com/UMPred-FRL
GL	GL	none_umami	http://pmlabstack.pythonanywhere.com/UMPred-FRL
GLG	GLG	none_umami	http://pmlabstack.pythonanywhere.com/UMPred-FRL
GLGG	GLGG	none_umami	http://pmlabstack.pythonanywhere.com/UMPred-FRL
GLGGG	GLGGG	none_umami	http://pmlabstack.pythonanywhere.com/UMPred-FRL
GLL	GLL	none_umami	http://pmlabstack.pythonanywhere.com/UMPred-FRL
GLY	GLY	none_umami	http://pmlabstack.pythonanywhere.com/UMPred-FRL
GMIYPG	GMIYPG	none_umami	http://pmlabstack.pythonanywhere.com/UMPred-FRL
GNPDIEHP	GNPDIEHP	none_umami	http://pmlabstack.pythonanywhere.com/UMPred-FRL
GP	GP	none_umami	http://pmlabstack.pythonanywhere.com/UMPred-FRL
GPFF	GPFF	none_umami	http://pmlabstack.pythonanywhere.com/UMPred-FRL
GPFPII	GPFPII	none_umami	http://pmlabstack.pythonanywhere.com/UMPred-FRL
GPFPIIV	GPFPIIV	none_umami	http://pmlabstack.pythonanywhere.com/UMPred-FRL
GPFPVI	GPFPVI	none_umami	http://pmlabstack.pythonanywhere.com/UMPred-FRL
GPG	GPG	none_umami	http://pmlabstack.pythonanywhere.com/UMPred-FRL
GPPF	GPPF	none_umami	http://pmlabstack.pythonanywhere.com/UMPred-FRL
GPPFIV	GPPFIV	none_umami	http://pmlabstack.pythonanywhere.com/UMPred-FRL
GPVRGPFPIIV	GPVRGPFPIIV	none_umami	http://pmlabstack.pythonanywhere.com/UMPred-FRL
GR	GR	none_umami	http://pmlabstack.pythonanywhere.com/UMPred-FRL
GRP	GRP	none_umami	http://pmlabstack.pythonanywhere.com/UMPred-FRL
GV	GV	none_umami	http://pmlabstack.pythonanywhere.com/UMPred-FRL
GVV	GVV	none_umami	http://pmlabstack.pythonanywhere.com/UMPred-FRL
GW	GW	none_umami	http://pmlabstack.pythonanywhere.com/UMPred-FRL
GY	GY	none_umami	http://pmlabstack.pythonanywhere.com/UMPred-FRL
GYG	GYG	none_umami	http://pmlabstack.pythonanywhere.com/UMPred-FRL
GYY	GYY	none_umami	http://pmlabstack.pythonanywhere.com/UMPred-FRL
IA	IA	none_umami	http://pmlabstack.pythonanywhere.com/UMPred-FRL
ID	ID	none_umami	http://pmlabstack.pythonanywhere.com/UMPred-FRL
IE	IE	none_umami	http://pmlabstack.pythonanywhere.com/UMPred-FRL
IF	IF	none_umami	http://pmlabstack.pythonanywhere.com/UMPred-FRL
IG	IG	none_umami	http://pmlabstack.pythonanywhere.com/UMPred-FRL
IGTLAGA	IGTLAGA	none_umami	http://pmlabstack.pythonanywhere.com/UMPred-FRL
II	II	none_umami	http://pmlabstack.pythonanywhere.com/UMPred-FRL
IK	IK	none_umami	http://pmlabstack.pythonanywhere.com/UMPred-FRL
IL	IL	none_umami	http://pmlabstack.pythonanywhere.com/UMPred-FRL
IN	IN	none_umami	http://pmlabstack.pythonanywhere.com/UMPred-FRL
IP	IP	none_umami	http://pmlabstack.pythonanywhere.com/UMPred-FRL
IQ	IQ	none_umami	http://pmlabstack.pythonanywhere.com/UMPred-FRL
IS	IS	none_umami	http://pmlabstack.pythonanywhere.com/UMPred-FRL
IT	IT	none_umami	http://pmlabstack.pythonanywhere.com/UMPred-FRL
IV	IV	none_umami	http://pmlabstack.pythonanywhere.com/UMPred-FRL
IW	IW	none_umami	http://pmlabstack.pythonanywhere.com/UMPred-FRL
KAVPYPPQ	KAVPYPPQ	none_umami	http://pmlabstack.pythonanywhere.com/UMPred-FRL
KF	KF	none_umami	http://pmlabstack.pythonanywhere.com/UMPred-FRL
KLHENIAR	KLHENIAR	none_umami	http://pmlabstack.pythonanywhere.com/UMPred-FRL
KP	KP	none_umami	http://pmlabstack.pythonanywhere.com/UMPred-FRL
KPF	KPF	none_umami	http://pmlabstack.pythonanywhere.com/UMPred-FRL
KPK	KPK	none_umami	http://pmlabstack.pythonanywhere.com/UMPred-FRL
KPPFIV	KPPFIV	none_umami	http://pmlabstack.pythonanywhere.com/UMPred-FRL
LA	LA	none_umami	http://pmlabstack.pythonanywhere.com/UMPred-FRL
LAGNQEEE	LAGNQEEE	none_umami	http://pmlabstack.pythonanywhere.com/UMPred-FRL
LD	LD	none_umami	http://pmlabstack.pythonanywhere.com/UMPred-FRL
LEQLL	LEQLL	none_umami	http://pmlabstack.pythonanywhere.com/UMPred-FRL
LF	LF	none_umami	http://pmlabstack.pythonanywhere.com/UMPred-FRL
LG	LG	none_umami	http://pmlabstack.pythonanywhere.com/UMPred-FRL
LGG	LGG	none_umami	http://pmlabstack.pythonanywhere.com/UMPred-FRL
LGGG	LGGG	none_umami	http://pmlabstack.pythonanywhere.com/UMPred-FRL
LGGGG	LGGGG	none_umami	http://pmlabstack.pythonanywhere.com/UMPred-FRL
LGL	LGL	none_umami	http://pmlabstack.pythonanywhere.com/UMPred-FRL
LGYLEQLL	LGYLEQLL	none_umami	http://pmlabstack.pythonanywhere.com/UMPred-FRL
LI	LI	none_umami	http://pmlabstack.pythonanywhere.com/UMPred-FRL
LL	LL	none_umami	http://pmlabstack.pythonanywhere.com/UMPred-FRL
LLG	LLG	none_umami	http://pmlabstack.pythonanywhere.com/UMPred-FRL
LLL	LLL	none_umami	http://pmlabstack.pythonanywhere.com/UMPred-FRL
LLLL	LLLL	none_umami	http://pmlabstack.pythonanywhere.com/UMPred-FRL
LRL	LRL	none_umami	http://pmlabstack.pythonanywhere.com/UMPred-FRL
LRP	LRP	none_umami	http://pmlabstack.pythonanywhere.com/UMPred-FRL
LVYPFPGPIHN	LVYPFPGPIHN	none_umami	http://pmlabstack.pythonanywhere.com/UMPred-FRL
LW	LW	none_umami	http://pmlabstack.pythonanywhere.com/UMPred-FRL
LY	LY	none_umami	http://pmlabstack.pythonanywhere.com/UMPred-FRL
MAPKHKEMPFPKYPVEPF	MAPKHKEMPFPKYPVEPF	none_umami	http://pmlabstack.pythonanywhere.com/UMPred-FRL
MPFPKYPVEPF	MPFPKYPVEPF	none_umami	http://pmlabstack.pythonanywhere.com/UMPred-FRL
NALEPDHRVE	NALEPDHRVE	none_umami	http://pmlabstack.pythonanywhere.com/UMPred-FRL
NALPE	NALPE	none_umami	http://pmlabstack.pythonanywhere.com/UMPred-FRL
NENLL	NENLL	none_umami	http://pmlabstack.pythonanywhere.com/UMPred-FRL
NFNNQLDQQTPR	NFNNQLDQQTPR	none_umami	http://pmlabstack.pythonanywhere.com/UMPred-FRL
NLQG	NLQG	none_umami	http://pmlabstack.pythonanywhere.com/UMPred-FRL
NNEDT	NNEDT	none_umami	http://pmlabstack.pythonanywhere.com/UMPred-FRL
PA	PA	none_umami	http://pmlabstack.pythonanywhere.com/UMPred-FRL
PF	PF	none_umami	http://pmlabstack.pythonanywhere.com/UMPred-FRL
PFIV	PFIV	none_umami	http://pmlabstack.pythonanywhere.com/UMPred-FRL
PFP	PFP	none_umami	http://pmlabstack.pythonanywhere.com/UMPred-FRL
PFPGPI	PFPGPI	none_umami	http://pmlabstack.pythonanywhere.com/UMPred-FRL
PFPGPIP	PFPGPIP	none_umami	http://pmlabstack.pythonanywhere.com/UMPred-FRL
PFPGPIPNS	PFPGPIPNS	none_umami	http://pmlabstack.pythonanywhere.com/UMPred-FRL
PFPIIV	PFPIIV	none_umami	http://pmlabstack.pythonanywhere.com/UMPred-FRL
PFPP	PFPP	none_umami	http://pmlabstack.pythonanywhere.com/UMPred-FRL
PG	PG	none_umami	http://pmlabstack.pythonanywhere.com/UMPred-FRL
PGG	PGG	none_umami	http://pmlabstack.pythonanywhere.com/UMPred-FRL
PGI	PGI	none_umami	http://pmlabstack.pythonanywhere.com/UMPred-FRL
PGP	PGP	none_umami	http://pmlabstack.pythonanywhere.com/UMPred-FRL
PGPGPG	PGPGPG	none_umami	http://pmlabstack.pythonanywhere.com/UMPred-FRL
PGPIP	PGPIP	none_umami	http://pmlabstack.pythonanywhere.com/UMPred-FRL
PGR	PGR	none_umami	http://pmlabstack.pythonanywhere.com/UMPred-FRL
PI	PI	none_umami	http://pmlabstack.pythonanywhere.com/UMPred-FRL
PIP	PIP	none_umami	http://pmlabstack.pythonanywhere.com/UMPred-FRL
PK	PK	none_umami	http://pmlabstack.pythonanywhere.com/UMPred-FRL
PL	PL	none_umami	http://pmlabstack.pythonanywhere.com/UMPred-FRL
PP	PP	none_umami	http://pmlabstack.pythonanywhere.com/UMPred-FRL
PPF	PPF	none_umami	http://pmlabstack.pythonanywhere.com/UMPred-FRL
PPFIV	PPFIV	none_umami	http://pmlabstack.pythonanywhere.com/UMPred-FRL
PPG	PPG	none_umami	http://pmlabstack.pythonanywhere.com/UMPred-FRL
PPP	PPP	none_umami	http://pmlabstack.pythonanywhere.com/UMPred-FRL
PR	PR	none_umami	http://pmlabstack.pythonanywhere.com/UMPred-FRL
PVLGPV	PVLGPV	none_umami	http://pmlabstack.pythonanywhere.com/UMPred-FRL
PVLGPVRGPFPIIV	PVLGPVRGPFPIIV	none_umami	http://pmlabstack.pythonanywhere.com/UMPred-FRL
PVRGPFPIIV	PVRGPFPIIV	none_umami	http://pmlabstack.pythonanywhere.com/UMPred-FRL
PY	PY	none_umami	http://pmlabstack.pythonanywhere.com/UMPred-FRL
QDKIHPFAQTQSLVYPFPGP	QDKIHPFAQTQSLVYPFPGP	none_umami	http://pmlabstack.pythonanywhere.com/UMPred-FRL
QLFGPNVNPWHNP	QLFGPNVNPWHNP	none_umami	http://pmlabstack.pythonanywhere.com/UMPred-FRL
QLFNPS	QLFNPS	none_umami	http://pmlabstack.pythonanywhere.com/UMPred-FRL
QLFNPSTNP	QLFNPSTNP	none_umami	http://pmlabstack.pythonanywhere.com/UMPred-FRL
QLFNPSTNPWH	QLFNPSTNPWH	none_umami	http://pmlabstack.pythonanywhere.com/UMPred-FRL
QLFNPSTNPWHSP	QLFNPSTNPWHSP	none_umami	http://pmlabstack.pythonanywhere.com/UMPred-FRL
QNDKIHPFAQTQSLVYPFGPIP	QNDKIHPFAQTQSLVYPFGPIP	none_umami	http://pmlabstack.pythonanywhere.com/UMPred-FRL
QNDKIHPFAQTQSLVYPFGPIPNSLPQNIPPLTQTPVVV	QNDKIHPFAQTQSLVYPFGPIPNSLPQNIPPLTQTPVVV	none_umami	http://pmlabstack.pythonanywhere.com/UMPred-FRL
QPVLGPVRGPFPIIV	QPVLGPVRGPFPIIV	none_umami	http://pmlabstack.pythonanywhere.com/UMPred-FRL
QQPVLGPVRGPFPI	QQPVLGPVRGPFPI	none_umami	http://pmlabstack.pythonanywhere.com/UMPred-FRL
QSKVLPVPQ	QSKVLPVPQ	none_umami	http://pmlabstack.pythonanywhere.com/UMPred-FRL
RDMPIQAFLLY	RDMPIQAFLLY	none_umami	http://pmlabstack.pythonanywhere.com/UMPred-FRL
RF	RF	none_umami	http://pmlabstack.pythonanywhere.com/UMPred-FRL
RG	RG	none_umami	http://pmlabstack.pythonanywhere.com/UMPred-FRL
RGFF	RGFF	none_umami	http://pmlabstack.pythonanywhere.com/UMPred-FRL
RGGFIV	RGGFIV	none_umami	http://pmlabstack.pythonanywhere.com/UMPred-FRL
RGP	RGP	none_umami	http://pmlabstack.pythonanywhere.com/UMPred-FRL
RGPEPIIV	RGPEPIIV	none_umami	http://pmlabstack.pythonanywhere.com/UMPred-FRL
RGPFIV	RGPFIV	none_umami	http://pmlabstack.pythonanywhere.com/UMPred-FRL
RGPFPIIV	RGPFPIIV	none_umami	http://pmlabstack.pythonanywhere.com/UMPred-FRL
RGPFPIV	RGPFPIV	none_umami	http://pmlabstack.pythonanywhere.com/UMPred-FRL
RGPGPIIV	RGPGPIIV	none_umami	http://pmlabstack.pythonanywhere.com/UMPred-FRL
RGPKPIIV	RGPKPIIV	none_umami	http://pmlabstack.pythonanywhere.com/UMPred-FRL
RGPPF	RGPPF	none_umami	http://pmlabstack.pythonanywhere.com/UMPred-FRL
RGPPFF	RGPPFF	none_umami	http://pmlabstack.pythonanywhere.com/UMPred-FRL
RGPPFFF	RGPPFFF	none_umami	http://pmlabstack.pythonanywhere.com/UMPred-FRL
RGPPFGG	RGPPFGG	none_umami	http://pmlabstack.pythonanywhere.com/UMPred-FRL
RGPPFI	RGPPFI	none_umami	http://pmlabstack.pythonanywhere.com/UMPred-FRL
RGPPFIIV	RGPPFIIV	none_umami	http://pmlabstack.pythonanywhere.com/UMPred-FRL
RGPPFIV	RGPPFIV	none_umami	http://pmlabstack.pythonanywhere.com/UMPred-FRL
RGPPFIVGG	RGPPFIVGG	none_umami	http://pmlabstack.pythonanywhere.com/UMPred-FRL
RGPPFIVRGPPFIV	RGPPFIVRGPPFIV	none_umami	http://pmlabstack.pythonanywhere.com/UMPred-FRL
RGPPGF	RGPPGF	none_umami	http://pmlabstack.pythonanywhere.com/UMPred-FRL
RGPPGFF	RGPPGFF	none_umami	http://pmlabstack.pythonanywhere.com/UMPred-FRL
RGPPGFG	RGPPGFG	none_umami	http://pmlabstack.pythonanywhere.com/UMPred-FRL
RGPPGGF	RGPPGGF	none_umami	http://pmlabstack.pythonanywhere.com/UMPred-FRL
RGPPGGFF	RGPPGGFF	none_umami	http://pmlabstack.pythonanywhere.com/UMPred-FRL
RGPPGGGFF	RGPPGGGFF	none_umami	http://pmlabstack.pythonanywhere.com/UMPred-FRL
RGPPGGV	RGPPGGV	none_umami	http://pmlabstack.pythonanywhere.com/UMPred-FRL
RGPPGIG	RGPPGIG	none_umami	http://pmlabstack.pythonanywhere.com/UMPred-FRL
RP	RP	none_umami	http://pmlabstack.pythonanywhere.com/UMPred-FRL
RPF	RPF	none_umami	http://pmlabstack.pythonanywhere.com/UMPred-FRL
RPFF	RPFF	none_umami	http://pmlabstack.pythonanywhere.com/UMPred-FRL
RPFFGG	RPFFGG	none_umami	http://pmlabstack.pythonanywhere.com/UMPred-FRL
RPFFRPFF	RPFFRPFF	none_umami	http://pmlabstack.pythonanywhere.com/UMPred-FRL
RPFFRPFFRPFF	RPFFRPFFRPFF	none_umami	http://pmlabstack.pythonanywhere.com/UMPred-FRL
RPFG	RPFG	none_umami	http://pmlabstack.pythonanywhere.com/UMPred-FRL
RPG	RPG	none_umami	http://pmlabstack.pythonanywhere.com/UMPred-FRL
RPGF	RPGF	none_umami	http://pmlabstack.pythonanywhere.com/UMPred-FRL
RPGFF	RPGFF	none_umami	http://pmlabstack.pythonanywhere.com/UMPred-FRL
RPGGFF	RPGGFF	none_umami	http://pmlabstack.pythonanywhere.com/UMPred-FRL
RPKHPIKHQ	RPKHPIKHQ	none_umami	http://pmlabstack.pythonanywhere.com/UMPred-FRL
RPPFIV	RPPFIV	none_umami	http://pmlabstack.pythonanywhere.com/UMPred-FRL
RPPPFFF	RPPPFFF	none_umami	http://pmlabstack.pythonanywhere.com/UMPred-FRL
RR	RR	none_umami	http://pmlabstack.pythonanywhere.com/UMPred-FRL
RRPFF	RRPFF	none_umami	http://pmlabstack.pythonanywhere.com/UMPred-FRL
RRPP	RRPP	none_umami	http://pmlabstack.pythonanywhere.com/UMPred-FRL
RRPPFF	RRPPFF	none_umami	http://pmlabstack.pythonanywhere.com/UMPred-FRL
RRPPGF	RRPPGF	none_umami	http://pmlabstack.pythonanywhere.com/UMPred-FRL
RRPPPFFF	RRPPPFFF	none_umami	http://pmlabstack.pythonanywhere.com/UMPred-FRL
RRR	RRR	none_umami	http://pmlabstack.pythonanywhere.com/UMPred-FRL
SAEFG	SAEFG	none_umami	http://pmlabstack.pythonanywhere.com/UMPred-FRL
SL	SL	none_umami	http://pmlabstack.pythonanywhere.com/UMPred-FRL
SLA	SLA	none_umami	http://pmlabstack.pythonanywhere.com/UMPred-FRL
TDVENLHLPPLL	TDVENLHLPPLL	none_umami	http://pmlabstack.pythonanywhere.com/UMPred-FRL
VA	VA	none_umami	http://pmlabstack.pythonanywhere.com/UMPred-FRL
VI	VI	none_umami	http://pmlabstack.pythonanywhere.com/UMPred-FRL
VIF	VIF	none_umami	http://pmlabstack.pythonanywhere.com/UMPred-FRL
VIFPPG	VIFPPG	none_umami	http://pmlabstack.pythonanywhere.com/UMPred-FRL
VIFPPGR	VIFPPGR	none_umami	http://pmlabstack.pythonanywhere.com/UMPred-FRL
VIIPFPG	VIIPFPG	none_umami	http://pmlabstack.pythonanywhere.com/UMPred-FRL
VIIPFPGR	VIIPFPGR	none_umami	http://pmlabstack.pythonanywhere.com/UMPred-FRL
VIPFPGR	VIPFPGR	none_umami	http://pmlabstack.pythonanywhere.com/UMPred-FRL
VL	VL	none_umami	http://pmlabstack.pythonanywhere.com/UMPred-FRL
VPLGTQYTDAPSF	VPLGTQYTDAPSF	none_umami	http://pmlabstack.pythonanywhere.com/UMPred-FRL
VPPFLE	VPPFLE	none_umami	http://pmlabstack.pythonanywhere.com/UMPred-FRL
VPPFLQ	VPPFLQ	none_umami	http://pmlabstack.pythonanywhere.com/UMPred-FRL
VVV	VVV	none_umami	http://pmlabstack.pythonanywhere.com/UMPred-FRL
VVVPPFL	VVVPPFL	none_umami	http://pmlabstack.pythonanywhere.com/UMPred-FRL
VVVPPFLQP	VVVPPFLQP	none_umami	http://pmlabstack.pythonanywhere.com/UMPred-FRL
VVYPWTQRF	VVYPWTQRF	none_umami	http://pmlabstack.pythonanywhere.com/UMPred-FRL
VY	VY	none_umami	http://pmlabstack.pythonanywhere.com/UMPred-FRL
VYP	VYP	none_umami	http://pmlabstack.pythonanywhere.com/UMPred-FRL
VYPF	VYPF	none_umami	http://pmlabstack.pythonanywhere.com/UMPred-FRL
VYPFGGGINH	VYPFGGGINH	none_umami	http://pmlabstack.pythonanywhere.com/UMPred-FRL
VYPFPPG	VYPFPPG	none_umami	http://pmlabstack.pythonanywhere.com/UMPred-FRL
VYPFPPGI	VYPFPPGI	none_umami	http://pmlabstack.pythonanywhere.com/UMPred-FRL
VYPFPPGIGG	VYPFPPGIGG	none_umami	http://pmlabstack.pythonanywhere.com/UMPred-FRL
VYPFPPGINH	VYPFPPGINH	none_umami	http://pmlabstack.pythonanywhere.com/UMPred-FRL
VYPFPPIGNH	VYPFPPIGNH	none_umami	http://pmlabstack.pythonanywhere.com/UMPred-FRL
WE	WE	none_umami	http://pmlabstack.pythonanywhere.com/UMPred-FRL
WF	WF	none_umami	http://pmlabstack.pythonanywhere.com/UMPred-FRL
WL	WL	none_umami	http://pmlabstack.pythonanywhere.com/UMPred-FRL
WP	WP	none_umami	http://pmlabstack.pythonanywhere.com/UMPred-FRL
WW	WW	none_umami	http://pmlabstack.pythonanywhere.com/UMPred-FRL
WWW	WWW	none_umami	http://pmlabstack.pythonanywhere.com/UMPred-FRL
YEGNS	YEGNS	none_umami	http://pmlabstack.pythonanywhere.com/UMPred-FRL
YF	YF	none_umami	http://pmlabstack.pythonanywhere.com/UMPred-FRL
YG	YG	none_umami	http://pmlabstack.pythonanywhere.com/UMPred-FRL
YGG	YGG	none_umami	http://pmlabstack.pythonanywhere.com/UMPred-FRL
YGY	YGY	none_umami	http://pmlabstack.pythonanywhere.com/UMPred-FRL
YL	YL	none_umami	http://pmlabstack.pythonanywhere.com/UMPred-FRL
YLEQLLR	YLEQLLR	none_umami	http://pmlabstack.pythonanywhere.com/UMPred-FRL
YLGYLEQLLR	YLGYLEQLLR	none_umami	http://pmlabstack.pythonanywhere.com/UMPred-FRL
YP	YP	none_umami	http://pmlabstack.pythonanywhere.com/UMPred-FRL
YPF	YPF	none_umami	http://pmlabstack.pythonanywhere.com/UMPred-FRL
YPFPGPI	YPFPGPI	none_umami	http://pmlabstack.pythonanywhere.com/UMPred-FRL
YPFPGPIHNS	YPFPGPIHNS	none_umami	http://pmlabstack.pythonanywhere.com/UMPred-FRL
YQEPVLGPVRGPFPI	YQEPVLGPVRGPFPI	none_umami	http://pmlabstack.pythonanywhere.com/UMPred-FRL
YQEPVLGPVRGPFPIIV	YQEPVLGPVRGPFPIIV	none_umami	http://pmlabstack.pythonanywhere.com/UMPred-FRL
YQQPVLGPVRGPFPI	YQQPVLGPVRGPFPI	none_umami	http://pmlabstack.pythonanywhere.com/UMPred-FRL
YQQPVLGPVRGPFPII	YQQPVLGPVRGPFPII	none_umami	http://pmlabstack.pythonanywhere.com/UMPred-FRL
YQQPVLGPVRGPFPIIV	YQQPVLGPVRGPFPIIV	none_umami	http://pmlabstack.pythonanywhere.com/UMPred-FRL
YY	YY	none_umami	http://pmlabstack.pythonanywhere.com/UMPred-FRL
YYG	YYG	none_umami	http://pmlabstack.pythonanywhere.com/UMPred-FRL
YYY	YYY	none_umami	http://pmlabstack.pythonanywhere.com/UMPred-FRL
