Name	Sequence	Taste	Reference	Label
AAEAKLELLE	AAEAKLELLE	umami	http://tastepeptides-meta.com/TastePeptidesDB	1
AAPHENATLH	AAPHENATLH	umami	http://tastepeptides-meta.com/TastePeptidesDB	1
AAPY	AAPY	umami	http://pmlabstack.pythonanywhere.com/UMPred-FRL	1
AD	AD	umami	http://pmlabstack.pythonanywhere.com/UMPred-FRL	1
ADA	ADA	umami	http://pmlabstack.pythonanywhere.com/UMPred-FRL	1
ADE	ADE	umami	http://pmlabstack.pythonanywhere.com/UMPred-FRL	1
ADGLWL	ADGLWL	umami	http://tastepeptides-meta.com/TastePeptidesDB	1
AE	AE	umami	http://pmlabstack.pythonanywhere.com/UMPred-FRL	1
AEA	AEA	umami	http://pmlabstack.pythonanywhere.com/UMPred-FRL	1
AEASALR	AEASALR	umami	http://tastepeptides-meta.com/TastePeptidesDB	1
AEDLSTLR	AEDLSTLR	umami	http://tastepeptides-meta.com/TastePeptidesDB	1
AEEHVEAVN	AEEHVEAVN	umami	http://tastepeptides-meta.com/TastePeptidesDB	1
AEINKILGN	AEINKILGN	umami	http://tastepeptides-meta.com/TastePeptidesDB	1
AELTPEP	AELTPEP	umami	http://tastepeptides-meta.com/TastePeptidesDB	1
AEVKKAP	AEVKKAP	umami	http://tastepeptides-meta.com/TastePeptidesDB	1
AFDEK	AFDEK	umami	http://tastepeptides-meta.com/TastePeptidesDB	1
AFGRSIVN	AFGRSIVN	umami	http://tastepeptides-meta.com/TastePeptidesDB	1
AGAGPTP	AGAGPTP	umami	http://tastepeptides-meta.com/TastePeptidesDB	1
AGDDAPR	AGDDAPR	umami	http://tastepeptides-meta.com/TastePeptidesDB	1
AGFAGDDAPR	AGFAGDDAPR	umami	http://tastepeptides-meta.com/TastePeptidesDB	1
AGKNTNGSQF	AGKNTNGSQF	umami	http://tastepeptides-meta.com/TastePeptidesDB	1
AGPSIVH	AGPSIVH	umami	http://tastepeptides-meta.com/TastePeptidesDB	1
AH	AH	umami	http://tastepeptides-meta.com/TastePeptidesDB	1
AHSVRFY	AHSVRFY	umami	http://pmlabstack.pythonanywhere.com/UMPred-FRL	1
AKALKEEDL	AKALKEEDL	umami	http://tastepeptides-meta.com/TastePeptidesDB	1
AKLTSLEEECQR	AKLTSLEEECQR	umami	http://tastepeptides-meta.com/TastePeptidesDB	1
AKYDDIK	AKYDDIK	umami	http://tastepeptides-meta.com/TastePeptidesDB	1
ALASLDGEFKG	ALASLDGEFKG	umami	http://tastepeptides-meta.com/TastePeptidesDB	1
ALDELGT	ALDELGT	umami	http://tastepeptides-meta.com/TastePeptidesDB	1
ALPEEV	ALPEEV	umami	http://pmlabstack.pythonanywhere.com/UMPred-FRL	1
ALTSLDGEFKG	ALTSLDGEFKG	umami	http://tastepeptides-meta.com/TastePeptidesDB	1
AMKLEKENAL	AMKLEKENAL	umami	http://tastepeptides-meta.com/TastePeptidesDB	1
AMLEQVAMTDK	AMLEQVAMTDK	umami	http://tastepeptides-meta.com/TastePeptidesDB	1
ANPGPVRDLR	ANPGPVRDLR	umami	http://pmlabstack.pythonanywhere.com/UMPred-FRL	1
AQALQAQA	AQALQAQA	umami	http://pmlabstack.pythonanywhere.com/UMPred-FRL	1
AQKDEEKME	AQKDEEKME	umami	http://tastepeptides-meta.com/TastePeptidesDB	1
AREIALQELGEQAK	AREIALQELGEQAK	umami	http://tastepeptides-meta.com/TastePeptidesDB	1
ASLDGEFKG	ASLDGEFKG	umami	http://tastepeptides-meta.com/TastePeptidesDB	1
ASNMSDL	ASNMSDL	umami	http://pmlabstack.pythonanywhere.com/UMPred-FRL	1
AT	AT	umami	http://tastepeptides-meta.com/TastePeptidesDB	1
ATQ	ATQ	umami	http://tastepeptides-meta.com/TastePeptidesDB	1
AVLEEAQKVELK	AVLEEAQKVELK	umami	http://tastepeptides-meta.com/TastePeptidesDB	1
CALTP	CALTP	umami	http://pmlabstack.pythonanywhere.com/UMPred-FRL	1
CCNKSV	CCNKSV	umami	http://pmlabstack.pythonanywhere.com/UMPred-FRL	1
CE	CE	umami	http://tastepeptides-meta.com/TastePeptidesDB	1
CM	CM	umami	http://pmlabstack.pythonanywhere.com/UMPred-FRL	1
CN	CN	umami	http://tastepeptides-meta.com/TastePeptidesDB	1
CRD	CRD	umami	http://tastepeptides-meta.com/TastePeptidesDB	1
D	D	umami	http://tastepeptides-meta.com/TastePeptidesDB	1
DA	DA	umami	http://pmlabstack.pythonanywhere.com/UMPred-FRL	1
DAE	DAE	umami	http://tastepeptides-meta.com/TastePeptidesDB	1
DAGVIAGLNVLR	DAGVIAGLNVLR	umami	http://tastepeptides-meta.com/TastePeptidesDB	1
DALKKK	DALKKK	umami	http://tastepeptides-meta.com/TastePeptidesDB	1
DAP	DAP	umami	http://tastepeptides-meta.com/TastePeptidesDB	1
DAPYDYK	DAPYDYK	umami	http://tastepeptides-meta.com/TastePeptidesDB	1
DAT	DAT	umami	http://tastepeptides-meta.com/TastePeptidesDB	1
DCG	DCG	umami	http://tastepeptides-meta.com/TastePeptidesDB	1
DD	DD	umami	http://pmlabstack.pythonanywhere.com/UMPred-FRL	1
DDD	DDD	umami	http://pmlabstack.pythonanywhere.com/UMPred-FRL	1
DDDD	DDDD	umami	http://pmlabstack.pythonanywhere.com/UMPred-FRL	1
DDE	DDE	umami	http://pmlabstack.pythonanywhere.com/UMPred-FRL	1
DDLDR	DDLDR	umami	http://tastepeptides-meta.com/TastePeptidesDB	1
DDNK	DDNK	umami	http://tastepeptides-meta.com/TastePeptidesDB	1
DE	DE	umami	http://pmlabstack.pythonanywhere.com/UMPred-FRL	1
DEAVARGATF	DEAVARGATF	umami	http://tastepeptides-meta.com/TastePeptidesDB	1
DED	DED	umami	http://pmlabstack.pythonanywhere.com/UMPred-FRL	1
DEDEQPRPIP	DEDEQPRPIP	umami	http://tastepeptides-meta.com/TastePeptidesDB	1
DEE	DEE	umami	http://pmlabstack.pythonanywhere.com/UMPred-FRL	1
DEELNKLL	DEELNKLL	umami	http://tastepeptides-meta.com/TastePeptidesDB	1
DEGEQPRPFP	DEGEQPRPFP	umami	http://tastepeptides-meta.com/TastePeptidesDB	1
DEL	DEL	umami	http://pmlabstack.pythonanywhere.com/UMPred-FRL	1
DES	DES	umami	http://pmlabstack.pythonanywhere.com/UMPred-FRL	1
DFE	DFE	umami	http://tastepeptides-meta.com/TastePeptidesDB	1
DFKREP	DFKREP	umami	http://tastepeptides-meta.com/TastePeptidesDB	1
DG	DG	umami	http://pmlabstack.pythonanywhere.com/UMPred-FRL	1
DGC	DGC	umami	http://tastepeptides-meta.com/TastePeptidesDB	1
DGF	DGF	umami	http://tastepeptides-meta.com/TastePeptidesDB	1
DGFASD	DGFASD	umami	http://tastepeptides-meta.com/TastePeptidesDB	1
DGG	DGG	umami	http://pmlabstack.pythonanywhere.com/UMPred-FRL	1
DGGRYY	DGGRYY	umami	http://tastepeptides-meta.com/TastePeptidesDB	1
DGV	DGV	umami	http://tastepeptides-meta.com/TastePeptidesDB	1
DK	DK	umami	http://tastepeptides-meta.com/TastePeptidesDB	1
DL	DL	umami	http://pmlabstack.pythonanywhere.com/UMPred-FRL	1
DLAGRDLTDYLMKIL	DLAGRDLTDYLMKIL	umami	http://tastepeptides-meta.com/TastePeptidesDB	1
DLRAD	DLRAD	umami	http://tastepeptides-meta.com/TastePeptidesDB	1
DLTK	DLTK	umami	http://tastepeptides-meta.com/TastePeptidesDB	1
DPQ	DPQ	umami	http://pmlabstack.pythonanywhere.com/UMPred-FRL	1
DQEDDLDESLIGVK	DQEDDLDESLIGVK	umami	http://tastepeptides-meta.com/TastePeptidesDB	1
DQLEKQVK	DQLEKQVK	umami	http://tastepeptides-meta.com/TastePeptidesDB	1
DQR	DQR	umami	http://pmlabstack.pythonanywhere.com/UMPred-FRL	1
DR	DR	umami	http://tastepeptides-meta.com/TastePeptidesDB	1
DTYNPR	DTYNPR	umami	http://tastepeptides-meta.com/TastePeptidesDB	1
DVELSK	DVELSK	umami	http://tastepeptides-meta.com/TastePeptidesDB	1
DVILPVPAF	DVILPVPAF	umami	http://tastepeptides-meta.com/TastePeptidesDB	1
DWTDDVEAR	DWTDDVEAR	umami	http://tastepeptides-meta.com/TastePeptidesDB	1
E	E	umami	http://tastepeptides-meta.com/TastePeptidesDB	1
EA	EA	umami	http://pmlabstack.pythonanywhere.com/UMPred-FRL	1
EAF	EAF	umami	http://tastepeptides-meta.com/TastePeptidesDB	1
EAGIQ	EAGIQ	umami	http://pmlabstack.pythonanywhere.com/UMPred-FRL	1
EATLWDMEEK	EATLWDMEEK	umami	http://tastepeptides-meta.com/TastePeptidesDB	1
EAVEKPQS	EAVEKPQS	umami	http://tastepeptides-meta.com/TastePeptidesDB	1
ECH	ECH	umami	http://tastepeptides-meta.com/TastePeptidesDB	1
ED	ED	umami	http://pmlabstack.pythonanywhere.com/UMPred-FRL	1
EDAP	EDAP	umami	http://tastepeptides-meta.com/TastePeptidesDB	1
EDD	EDD	umami	http://pmlabstack.pythonanywhere.com/UMPred-FRL	1
EDE	EDE	umami	http://pmlabstack.pythonanywhere.com/UMPred-FRL	1
EDEGEQPRPF	EDEGEQPRPF	umami	http://tastepeptides-meta.com/TastePeptidesDB	1
EDF	EDF	umami	http://pmlabstack.pythonanywhere.com/UMPred-FRL	1
EDG	EDG	umami	http://pmlabstack.pythonanywhere.com/UMPred-FRL	1
EDV	EDV	umami	http://pmlabstack.pythonanywhere.com/UMPred-FRL	1
EE	EE	umami	http://pmlabstack.pythonanywhere.com/UMPred-FRL	1
EEAEGT	EEAEGT	umami	http://tastepeptides-meta.com/TastePeptidesDB	1
EED	EED	umami	http://pmlabstack.pythonanywhere.com/UMPred-FRL	1
EEDGK	EEDGK	umami	http://pmlabstack.pythonanywhere.com/UMPred-FRL	1
EEE	EEE	umami	http://pmlabstack.pythonanywhere.com/UMPred-FRL	1
EEEQ	EEEQ	umami	http://pmlabstack.pythonanywhere.com/UMPred-FRL	1
EEFLK	EEFLK	umami	http://tastepeptides-meta.com/TastePeptidesDB	1
EEL	EEL	umami	http://pmlabstack.pythonanywhere.com/UMPred-FRL	1
EFLKEQF	EFLKEQF	umami	http://tastepeptides-meta.com/TastePeptidesDB	1
EG	EG	umami	http://pmlabstack.pythonanywhere.com/UMPred-FRL	1
EGF	EGF	umami	http://pmlabstack.pythonanywhere.com/UMPred-FRL	1
EGS	EGS	umami	http://pmlabstack.pythonanywhere.com/UMPred-FRL	1
EGSEAPDGSSR	EGSEAPDGSSR	umami	http://pmlabstack.pythonanywhere.com/UMPred-FRL	1
EGSTIGLSK	EGSTIGLSK	umami	http://tastepeptides-meta.com/TastePeptidesDB	1
EGTAG	EGTAG	umami	http://tastepeptides-meta.com/TastePeptidesDB	1
EHGE	EHGE	umami	http://tastepeptides-meta.com/TastePeptidesDB	1
EHGK	EHGK	umami	http://tastepeptides-meta.com/TastePeptidesDB	1
EIKKAALDANEK	EIKKAALDANEK	umami	http://tastepeptides-meta.com/TastePeptidesDB	1
EINEL	EINEL	umami	http://pmlabstack.pythonanywhere.com/UMPred-FRL	1
EK	EK	umami	http://pmlabstack.pythonanywhere.com/UMPred-FRL	1
EL	EL	umami	http://pmlabstack.pythonanywhere.com/UMPred-FRL	1
ELLKLH	ELLKLH	umami	http://tastepeptides-meta.com/TastePeptidesDB	1
EN	EN	umami	http://pmlabstack.pythonanywhere.com/UMPred-FRL	1
ENE	ENE	umami	http://pmlabstack.pythonanywhere.com/UMPred-FRL	1
ENINEL	ENINEL	umami	http://pmlabstack.pythonanywhere.com/UMPred-FRL	1
EP	EP	umami	http://pmlabstack.pythonanywhere.com/UMPred-FRL	1
EPE	EPE	umami	http://pmlabstack.pythonanywhere.com/UMPred-FRL	1
EPLCNQ	EPLCNQ	umami	http://tastepeptides-meta.com/TastePeptidesDB	1
EQE	EQE	umami	http://pmlabstack.pythonanywhere.com/UMPred-FRL	1
EQEEL	EQEEL	umami	http://pmlabstack.pythonanywhere.com/UMPred-FRL	1
EQLEATVQKLDESR	EQLEATVQKLDESR	umami	http://tastepeptides-meta.com/TastePeptidesDB	1
EQQQQ	EQQQQ	umami	http://pmlabstack.pythonanywhere.com/UMPred-FRL	1
ES	ES	umami	http://pmlabstack.pythonanywhere.com/UMPred-FRL	1
ESCAPQL	ESCAPQL	umami	http://tastepeptides-meta.com/TastePeptidesDB	1
ESE	ESE	umami	http://tastepeptides-meta.com/TastePeptidesDB	1
ESHQQTLDD	ESHQQTLDD	umami	http://tastepeptides-meta.com/TastePeptidesDB	1
ESPERPFL	ESPERPFL	umami	http://tastepeptides-meta.com/TastePeptidesDB	1
ET	ET	umami	http://pmlabstack.pythonanywhere.com/UMPred-FRL	1
EV	EV	umami	http://pmlabstack.pythonanywhere.com/UMPred-FRL	1
EVAEALDAPKTT	EVAEALDAPKTT	umami	http://tastepeptides-meta.com/TastePeptidesDB	1
EY	EY	umami	http://pmlabstack.pythonanywhere.com/UMPred-FRL	1
EYPPLGRFA	EYPPLGRFA	umami	http://tastepeptides-meta.com/TastePeptidesDB	1
FAGDDAPR	FAGDDAPR	umami	http://tastepeptides-meta.com/TastePeptidesDB	1
FAGDDAPRAVFPS	FAGDDAPRAVFPS	umami	http://tastepeptides-meta.com/TastePeptidesDB	1
FDELLEK	FDELLEK	umami	http://tastepeptides-meta.com/TastePeptidesDB	1
FGEKL	FGEKL	umami	http://tastepeptides-meta.com/TastePeptidesDB	1
FHHGD	FHHGD	umami	http://tastepeptides-meta.com/TastePeptidesDB	1
FLNQDEEAR	FLNQDEEAR	umami	http://tastepeptides-meta.com/TastePeptidesDB	1
FNEIIKETST	FNEIIKETST	umami	http://tastepeptides-meta.com/TastePeptidesDB	1
FNKEE	FNKEE	umami	http://tastepeptides-meta.com/TastePeptidesDB	1
FQKVVA	FQKVVA	umami	http://tastepeptides-meta.com/TastePeptidesDB	1
FRDEHQ	FRDEHQ	umami	http://tastepeptides-meta.com/TastePeptidesDB	1
FSGLDGAK	FSGLDGAK	umami	http://tastepeptides-meta.com/TastePeptidesDB	1
FSGLDGSK	FSGLDGSK	umami	http://tastepeptides-meta.com/TastePeptidesDB	1
FTERVQ	FTERVQ	umami	http://tastepeptides-meta.com/TastePeptidesDB	1
FVGLQER	FVGLQER	umami	http://tastepeptides-meta.com/TastePeptidesDB	1
FVT	FVT	umami	http://tastepeptides-meta.com/TastePeptidesDB	1
GCG	GCG	umami	http://pmlabstack.pythonanywhere.com/UMPred-FRL	1
GD	GD	umami	http://pmlabstack.pythonanywhere.com/UMPred-FRL	1
GDG	GDG	umami	http://pmlabstack.pythonanywhere.com/UMPred-FRL	1
GE	GE	umami	http://pmlabstack.pythonanywhere.com/UMPred-FRL	1
GEG	GEG	umami	http://pmlabstack.pythonanywhere.com/UMPred-FRL	1
GENEEEDSGAIVTVK	GENEEEDSGAIVTVK	umami	http://tastepeptides-meta.com/TastePeptidesDB	1
GESMTDGF	GESMTDGF	umami	http://tastepeptides-meta.com/TastePeptidesDB	1
GEVED	GEVED	umami	http://tastepeptides-meta.com/TastePeptidesDB	1
GFGDSCTPGKNER	GFGDSCTPGKNER	umami	http://tastepeptides-meta.com/TastePeptidesDB	1
GFLGPQ	GFLGPQ	umami	http://tastepeptides-meta.com/TastePeptidesDB	1
GGGE	GGGE	umami	http://tastepeptides-meta.com/TastePeptidesDB	1
GGKLVVDGHAIT	GGKLVVDGHAIT	umami	http://tastepeptides-meta.com/TastePeptidesDB	1
GGNP	GGNP	umami	http://pmlabstack.pythonanywhere.com/UMPred-FRL	1
GGY	GGY	umami	http://pmlabstack.pythonanywhere.com/UMPred-FRL	1
GHENQR	GHENQR	umami	http://tastepeptides-meta.com/TastePeptidesDB	1
GHGD	GHGD	umami	http://tastepeptides-meta.com/TastePeptidesDB	1
GIQKELQF	GIQKELQF	umami	http://tastepeptides-meta.com/TastePeptidesDB	1
GLE	GLE	umami	http://tastepeptides-meta.com/TastePeptidesDB	1
GLLPDGTPR	GLLPDGTPR	umami	http://pmlabstack.pythonanywhere.com/UMPred-FRL	1
GLPD	GLPD	umami	http://tastepeptides-meta.com/TastePeptidesDB	1
GPAGPAGPR	GPAGPAGPR	umami	http://tastepeptides-meta.com/TastePeptidesDB	1
GPDPER	GPDPER	umami	http://tastepeptides-meta.com/TastePeptidesDB	1
GPVGYGYE	GPVGYGYE	umami	http://tastepeptides-meta.com/TastePeptidesDB	1
GQEDYDRLRPL	GQEDYDRLRPL	umami	http://tastepeptides-meta.com/TastePeptidesDB	1
GRVSNCAA	GRVSNCAA	umami	http://tastepeptides-meta.com/TastePeptidesDB	1
GSAQA	GSAQA	umami	http://tastepeptides-meta.com/TastePeptidesDB	1
GYSFTTTAER	GYSFTTTAER	umami	http://tastepeptides-meta.com/TastePeptidesDB	1
HCHTN	HCHTN	umami	http://pmlabstack.pythonanywhere.com/UMPred-FRL	1
HEAL	HEAL	umami	http://tastepeptides-meta.com/TastePeptidesDB	1
HEGEQGQEG	HEGEQGQEG	umami	http://tastepeptides-meta.com/TastePeptidesDB	1
HGEDKEGE	HGEDKEGE	umami	http://tastepeptides-meta.com/TastePeptidesDB	1
HHYE	HHYE	umami	http://tastepeptides-meta.com/TastePeptidesDB	1
HLQLAIR	HLQLAIR	umami	http://tastepeptides-meta.com/TastePeptidesDB	1
HLYHPVPIEE	HLYHPVPIEE	umami	http://tastepeptides-meta.com/TastePeptidesDB	1
HNESQN	HNESQN	umami	http://tastepeptides-meta.com/TastePeptidesDB	1
HV	HV	umami	http://pmlabstack.pythonanywhere.com/UMPred-FRL	1
HVKELE	HVKELE	umami	http://tastepeptides-meta.com/TastePeptidesDB	1
ID	ID	umami	http://tastepeptides-meta.com/TastePeptidesDB	1
IDVDGKPQIQ	IDVDGKPQIQ	umami	http://tastepeptides-meta.com/TastePeptidesDB	1
IE	IE	umami	http://tastepeptides-meta.com/TastePeptidesDB	1
IEE	IEE	umami	http://tastepeptides-meta.com/TastePeptidesDB	1
IGAEVYHNLK	IGAEVYHNLK	umami	http://tastepeptides-meta.com/TastePeptidesDB	1
IGPGLGR	IGPGLGR	umami	http://tastepeptides-meta.com/TastePeptidesDB	1
IIVFGRQLL	IIVFGRQLL	umami	http://tastepeptides-meta.com/TastePeptidesDB	1
IKDPHVD	IKDPHVD	umami	http://tastepeptides-meta.com/TastePeptidesDB	1
IMEALAGAGIDPRR	IMEALAGAGIDPRR	umami	http://tastepeptides-meta.com/TastePeptidesDB	1
INEL	INEL	umami	http://pmlabstack.pythonanywhere.com/UMPred-FRL	1
INKPGL	INKPGL	umami	http://tastepeptides-meta.com/TastePeptidesDB	1
IPIPATKT	IPIPATKT	umami	http://tastepeptides-meta.com/TastePeptidesDB	1
IQKELQF	IQKELQF	umami	http://tastepeptides-meta.com/TastePeptidesDB	1
IQQDDCK	IQQDDCK	umami	http://tastepeptides-meta.com/TastePeptidesDB	1
ISKEK	ISKEK	umami	http://tastepeptides-meta.com/TastePeptidesDB	1
KALSEEL	KALSEEL	umami	http://tastepeptides-meta.com/TastePeptidesDB	1
KALSEELDN	KALSEELDN	umami	http://tastepeptides-meta.com/TastePeptidesDB	1
KCGQ	KCGQ	umami	http://tastepeptides-meta.com/TastePeptidesDB	1
KDGGGGK	KDGGGGK	umami	http://tastepeptides-meta.com/TastePeptidesDB	1
KEMQKN	KEMQKN	umami	http://tastepeptides-meta.com/TastePeptidesDB	1
KEPNRQWTPR	KEPNRQWTPR	umami	http://tastepeptides-meta.com/TastePeptidesDB	1
KETLEQEKSG	KETLEQEKSG	umami	http://tastepeptides-meta.com/TastePeptidesDB	1
KG	KG	umami	http://pmlabstack.pythonanywhere.com/UMPred-FRL	1
KGDEESLA	KGDEESLA	umami	http://pmlabstack.pythonanywhere.com/UMPred-FRL	1
KGELADEE	KGELADEE	umami	http://tastepeptides-meta.com/TastePeptidesDB	1
KGGGGP	KGGGGP	umami	http://tastepeptides-meta.com/TastePeptidesDB	1
KGNEESLA	KGNEESLA	umami	http://pmlabstack.pythonanywhere.com/UMPred-FRL	1
KGRYER	KGRYER	umami	http://pmlabstack.pythonanywhere.com/UMPred-FRL	1
KGSLADEE	KGSLADEE	umami	http://pmlabstack.pythonanywhere.com/UMPred-FRL	1
KKMFETES	KKMFETES	umami	http://tastepeptides-meta.com/TastePeptidesDB	1
KSAEN	KSAEN	umami	http://tastepeptides-meta.com/TastePeptidesDB	1
KSLEEA	KSLEEA	umami	http://tastepeptides-meta.com/TastePeptidesDB	1
KTDLNFENL	KTDLNFENL	umami	http://tastepeptides-meta.com/TastePeptidesDB	1
KTGLSPDQF	KTGLSPDQF	umami	http://tastepeptides-meta.com/TastePeptidesDB	1
KVDVDSLK	KVDVDSLK	umami	http://tastepeptides-meta.com/TastePeptidesDB	1
LADW	LADW	umami	http://tastepeptides-meta.com/TastePeptidesDB	1
LAGE	LAGE	umami	http://tastepeptides-meta.com/TastePeptidesDB	1
LAKVH	LAKVH	umami	http://tastepeptides-meta.com/TastePeptidesDB	1
LDDGR	LDDGR	umami	http://tastepeptides-meta.com/TastePeptidesDB	1
LDELEK	LDELEK	umami	http://tastepeptides-meta.com/TastePeptidesDB	1
LDF	LDF	umami	http://tastepeptides-meta.com/TastePeptidesDB	1
LDL	LDL	umami	http://pmlabstack.pythonanywhere.com/UMPred-FRL	1
LE	LE	umami	http://pmlabstack.pythonanywhere.com/UMPred-FRL	1
LEQL	LEQL	umami	http://pmlabstack.pythonanywhere.com/UMPred-FRL	1
LERM	LERM	umami	http://tastepeptides-meta.com/TastePeptidesDB	1
LGAGGSLA	LGAGGSLA	umami	http://pmlabstack.pythonanywhere.com/UMPred-FRL	1
LGDVLVR	LGDVLVR	umami	http://tastepeptides-meta.com/TastePeptidesDB	1
LIDVDGKPQ	LIDVDGKPQ	umami	http://tastepeptides-meta.com/TastePeptidesDB	1
LLDAFFFDNK	LLDAFFFDNK	umami	http://tastepeptides-meta.com/TastePeptidesDB	1
LLEEKLK	LLEEKLK	umami	http://tastepeptides-meta.com/TastePeptidesDB	1
LLLLPKP	LLLLPKP	umami	http://tastepeptides-meta.com/TastePeptidesDB	1
LLLPGELAK	LLLPGELAK	umami	http://tastepeptides-meta.com/TastePeptidesDB	1
LMSL	LMSL	umami	http://tastepeptides-meta.com/TastePeptidesDB	1
LPDEAR	LPDEAR	umami	http://tastepeptides-meta.com/TastePeptidesDB	1
LPEEV	LPEEV	umami	http://pmlabstack.pythonanywhere.com/UMPred-FRL	1
LPG	LPG	umami	http://tastepeptides-meta.com/TastePeptidesDB	1
LPGD	LPGD	umami	http://tastepeptides-meta.com/TastePeptidesDB	1
LPGVAE	LPGVAE	umami	http://tastepeptides-meta.com/TastePeptidesDB	1
LPKERLYV	LPKERLYV	umami	http://tastepeptides-meta.com/TastePeptidesDB	1
LPLLEEAFLSR	LPLLEEAFLSR	umami	http://tastepeptides-meta.com/TastePeptidesDB	1
LPLQD	LPLQD	umami	http://tastepeptides-meta.com/TastePeptidesDB	1
LPLQDVYK	LPLQDVYK	umami	http://tastepeptides-meta.com/TastePeptidesDB	1
LQPLNAH	LQPLNAH	umami	http://pmlabstack.pythonanywhere.com/UMPred-FRL	1
LREY	LREY	umami	http://tastepeptides-meta.com/TastePeptidesDB	1
LSE	LSE	umami	http://tastepeptides-meta.com/TastePeptidesDB	1
LSERYP	LSERYP	umami	http://pmlabstack.pythonanywhere.com/UMPred-FRL	1
LV	LV	umami	http://pmlabstack.pythonanywhere.com/UMPred-FRL	1
LVG	LVG	umami	http://pmlabstack.pythonanywhere.com/UMPred-FRL	1
LVKGGLIP	LVKGGLIP	umami	http://tastepeptides-meta.com/TastePeptidesDB	1
LYANNVL	LYANNVL	umami	http://tastepeptides-meta.com/TastePeptidesDB	1
LYER	LYER	umami	http://pmlabstack.pythonanywhere.com/UMPred-FRL	1
MAASGDVGK	MAASGDVGK	umami	http://tastepeptides-meta.com/TastePeptidesDB	1
MEIDD	MEIDD	umami	http://tastepeptides-meta.com/TastePeptidesDB	1
MEREQEESTMR	MEREQEESTMR	umami	http://tastepeptides-meta.com/TastePeptidesDB	1
MGPENGV	MGPENGV	umami	http://tastepeptides-meta.com/TastePeptidesDB	1
MNLHLSF	MNLHLSF	umami	http://tastepeptides-meta.com/TastePeptidesDB	1
MQAMKLEK	MQAMKLEK	umami	http://tastepeptides-meta.com/TastePeptidesDB	1
MS	MS	umami	http://tastepeptides-meta.com/TastePeptidesDB	1
MTLERPW	MTLERPW	umami	http://tastepeptides-meta.com/TastePeptidesDB	1
MTNLLEDLSFR	MTNLLEDLSFR	umami	http://tastepeptides-meta.com/TastePeptidesDB	1
N	N	umami	http://tastepeptides-meta.com/TastePeptidesDB	1
NALKSVECYDAR	NALKSVECYDAR	umami	http://tastepeptides-meta.com/TastePeptidesDB	1
NEFGYSNR	NEFGYSNR	umami	http://tastepeptides-meta.com/TastePeptidesDB	1
NFHHGD	NFHHGD	umami	http://tastepeptides-meta.com/TastePeptidesDB	1
NGKET	NGKET	umami	http://pmlabstack.pythonanywhere.com/UMPred-FRL	1
NKHGSGK	NKHGSGK	umami	http://tastepeptides-meta.com/TastePeptidesDB	1
NNP	NNP	umami	http://pmlabstack.pythonanywhere.com/UMPred-FRL	1
NP	NP	umami	http://tastepeptides-meta.com/TastePeptidesDB	1
NQEGLFR	NQEGLFR	umami	http://tastepeptides-meta.com/TastePeptidesDB	1
NQS	NQS	umami	http://tastepeptides-meta.com/TastePeptidesDB	1
NRTF	NRTF	umami	http://pmlabstack.pythonanywhere.com/UMPred-FRL	1
NVVGET	NVVGET	umami	http://pmlabstack.pythonanywhere.com/UMPred-FRL	1
NWDDMEK	NWDDMEK	umami	http://tastepeptides-meta.com/TastePeptidesDB	1
NY	NY	umami	http://pmlabstack.pythonanywhere.com/UMPred-FRL	1
PAA	PAA	umami	http://pmlabstack.pythonanywhere.com/UMPred-FRL	1
PAATIPE	PAATIPE	umami	http://tastepeptides-meta.com/TastePeptidesDB	1
PAQ	PAQ	umami	http://pmlabstack.pythonanywhere.com/UMPred-FRL	1
PAYQVDKGN	PAYQVDKGN	umami	http://tastepeptides-meta.com/TastePeptidesDB	1
PDKPNT	PDKPNT	umami	http://pmlabstack.pythonanywhere.com/UMPred-FRL	1
PDVQAAFQK	PDVQAAFQK	umami	http://tastepeptides-meta.com/TastePeptidesDB	1
PE	PE	umami	http://pmlabstack.pythonanywhere.com/UMPred-FRL	1
PEDVIMGAF	PEDVIMGAF	umami	http://tastepeptides-meta.com/TastePeptidesDB	1
PET	PET	umami	http://pmlabstack.pythonanywhere.com/UMPred-FRL	1
PFGNTHNNFK	PFGNTHNNFK	umami	http://tastepeptides-meta.com/TastePeptidesDB	1
PGPAGPAGP	PGPAGPAGP	umami	http://tastepeptides-meta.com/TastePeptidesDB	1
PHEMQ	PHEMQ	umami	http://tastepeptides-meta.com/TastePeptidesDB	1
PKESEKPN	PKESEKPN	umami	http://tastepeptides-meta.com/TastePeptidesDB	1
PKLLLLPKP	PKLLLLPKP	umami	http://tastepeptides-meta.com/TastePeptidesDB	1
PPQEAAQF	PPQEAAQF	umami	http://tastepeptides-meta.com/TastePeptidesDB	1
PSE	PSE	umami	http://pmlabstack.pythonanywhere.com/UMPred-FRL	1
PTVEVDLH	PTVEVDLH	umami	http://tastepeptides-meta.com/TastePeptidesDB	1
PVARMCR	PVARMCR	umami	http://pmlabstack.pythonanywhere.com/UMPred-FRL	1
Q	Q	umami	http://tastepeptides-meta.com/TastePeptidesDB	1
QAEADMAR	QAEADMAR	umami	http://tastepeptides-meta.com/TastePeptidesDB	1
QEEL	QEEL	umami	http://pmlabstack.pythonanywhere.com/UMPred-FRL	1
QIEELEGK	QIEELEGK	umami	http://tastepeptides-meta.com/TastePeptidesDB	1
QL	QL	umami	http://pmlabstack.pythonanywhere.com/UMPred-FRL	1
QLQ	QLQ	umami	http://tastepeptides-meta.com/TastePeptidesDB	1
QP	QP	umami	http://tastepeptides-meta.com/TastePeptidesDB	1
QVAIAHRDAK	QVAIAHRDAK	umami	http://pmlabstack.pythonanywhere.com/UMPred-FRL	1
RD	RD	umami	http://tastepeptides-meta.com/TastePeptidesDB	1
RDETLDDW	RDETLDDW	umami	http://tastepeptides-meta.com/TastePeptidesDB	1
REESDFQSSF	REESDFQSSF	umami	http://tastepeptides-meta.com/TastePeptidesDB	1
RFRQGD	RFRQGD	umami	http://tastepeptides-meta.com/TastePeptidesDB	1
RGENESDEQGAIVT	RGENESDEQGAIVT	umami	http://pmlabstack.pythonanywhere.com/UMPred-FRL	1
RGENESEEEGAIVT	RGENESEEEGAIVT	umami	http://pmlabstack.pythonanywhere.com/UMPred-FRL	1
RGEPNND	RGEPNND	umami	http://tastepeptides-meta.com/TastePeptidesDB	1
RGG	RGG	umami	http://tastepeptides-meta.com/TastePeptidesDB	1
RKE	RKE	umami	http://pmlabstack.pythonanywhere.com/UMPred-FRL	1
RKYEEVAR	RKYEEVAR	umami	http://tastepeptides-meta.com/TastePeptidesDB	1
RL	RL	umami	http://pmlabstack.pythonanywhere.com/UMPred-FRL	1
RLGSSEVEQVQ	RLGSSEVEQVQ	umami	http://tastepeptides-meta.com/TastePeptidesDB	1
RPLGNC	RPLGNC	umami	http://pmlabstack.pythonanywhere.com/UMPred-FRL	1
RPNPFENR	RPNPFENR	umami	http://pmlabstack.pythonanywhere.com/UMPred-FRL	1
SAALQAG	SAALQAG	umami	http://tastepeptides-meta.com/TastePeptidesDB	1
SADETPR	SADETPR	umami	http://tastepeptides-meta.com/TastePeptidesDB	1
SAELLK	SAELLK	umami	http://tastepeptides-meta.com/TastePeptidesDB	1
SAEQK	SAEQK	umami	http://pmlabstack.pythonanywhere.com/UMPred-FRL	1
SD	SD	umami	http://tastepeptides-meta.com/TastePeptidesDB	1
SDRKIPEK	SDRKIPEK	umami	http://tastepeptides-meta.com/TastePeptidesDB	1
SDSCIR	SDSCIR	umami	http://tastepeptides-meta.com/TastePeptidesDB	1
SE	SE	umami	http://pmlabstack.pythonanywhere.com/UMPred-FRL	1
SEASNNK	SEASNNK	umami	http://tastepeptides-meta.com/TastePeptidesDB	1
SEE	SEE	umami	http://pmlabstack.pythonanywhere.com/UMPred-FRL	1
SEEK	SEEK	umami	http://tastepeptides-meta.com/TastePeptidesDB	1
SEETTTGVHH	SEETTTGVHH	umami	http://tastepeptides-meta.com/TastePeptidesDB	1
SEPSHF	SEPSHF	umami	http://tastepeptides-meta.com/TastePeptidesDB	1
SF	SF	umami	http://pmlabstack.pythonanywhere.com/UMPred-FRL	1
SFE	SFE	umami	http://pmlabstack.pythonanywhere.com/UMPred-FRL	1
SFEAVEAAPT	SFEAVEAAPT	umami	http://tastepeptides-meta.com/TastePeptidesDB	1
SGCVNEL	SGCVNEL	umami	http://tastepeptides-meta.com/TastePeptidesDB	1
SLADEEKG	SLADEEKG	umami	http://pmlabstack.pythonanywhere.com/UMPred-FRL	1
SLAKGDEE	SLAKGDEE	umami	http://pmlabstack.pythonanywhere.com/UMPred-FRL	1
SM	SM	umami	http://tastepeptides-meta.com/TastePeptidesDB	1
SNGNE	SNGNE	umami	http://tastepeptides-meta.com/TastePeptidesDB	1
SPE	SPE	umami	http://pmlabstack.pythonanywhere.com/UMPred-FRL	1
SSAVK	SSAVK	umami	http://tastepeptides-meta.com/TastePeptidesDB	1
SSRNEQSR	SSRNEQSR	umami	http://pmlabstack.pythonanywhere.com/UMPred-FRL	1
STELFK	STELFK	umami	http://tastepeptides-meta.com/TastePeptidesDB	1
STMLLESER	STMLLESER	umami	http://pmlabstack.pythonanywhere.com/UMPred-FRL	1
SYNPR	SYNPR	umami	http://tastepeptides-meta.com/TastePeptidesDB	1
TAY	TAY	umami	http://pmlabstack.pythonanywhere.com/UMPred-FRL	1
TDVEQEGD	TDVEQEGD	umami	http://tastepeptides-meta.com/TastePeptidesDB	1
TE	TE	umami	http://pmlabstack.pythonanywhere.com/UMPred-FRL	1
TESSSE	TESSSE	umami	http://pmlabstack.pythonanywhere.com/UMPred-FRL	1
TETKTFTLK	TETKTFTLK	umami	http://tastepeptides-meta.com/TastePeptidesDB	1
TFYNELR	TFYNELR	umami	http://tastepeptides-meta.com/TastePeptidesDB	1
TGC	TGC	umami	http://tastepeptides-meta.com/TastePeptidesDB	1
TGDPEK	TGDPEK	umami	http://tastepeptides-meta.com/TastePeptidesDB	1
TGESGAGKTVNTKR	TGESGAGKTVNTKR	umami	http://tastepeptides-meta.com/TastePeptidesDB	1
TGFLPEEYMK	TGFLPEEYMK	umami	http://tastepeptides-meta.com/TastePeptidesDB	1
TGWVDVK	TGWVDVK	umami	http://tastepeptides-meta.com/TastePeptidesDB	1
TIGHVDHGKTTLT	TIGHVDHGKTTLT	umami	http://tastepeptides-meta.com/TastePeptidesDB	1
TLFQPSF	TLFQPSF	umami	http://tastepeptides-meta.com/TastePeptidesDB	1
TLRRCM	TLRRCM	umami	http://pmlabstack.pythonanywhere.com/UMPred-FRL	1
TPPKID	TPPKID	umami	http://tastepeptides-meta.com/TastePeptidesDB	1
TREQMIHER	TREQMIHER	umami	http://tastepeptides-meta.com/TastePeptidesDB	1
TTLPDK	TTLPDK	umami	http://tastepeptides-meta.com/TastePeptidesDB	1
TVAGGAWTYNTTSAVTVK	TVAGGAWTYNTTSAVTVK	umami	http://tastepeptides-meta.com/TastePeptidesDB	1
TVDGPSH	TVDGPSH	umami	http://tastepeptides-meta.com/TastePeptidesDB	1
TVIDAPGHRDFI	TVIDAPGHRDFI	umami	http://tastepeptides-meta.com/TastePeptidesDB	1
TWKE	TWKE	umami	http://tastepeptides-meta.com/TastePeptidesDB	1
TYLPVH	TYLPVH	umami	http://tastepeptides-meta.com/TastePeptidesDB	1
TYNPK	TYNPK	umami	http://tastepeptides-meta.com/TastePeptidesDB	1
TYNPR	TYNPR	umami	http://tastepeptides-meta.com/TastePeptidesDB	1
VADLMR	VADLMR	umami	http://tastepeptides-meta.com/TastePeptidesDB	1
VAEQE	VAEQE	umami	http://tastepeptides-meta.com/TastePeptidesDB	1
VAV	VAV	umami	http://pmlabstack.pythonanywhere.com/UMPred-FRL	1
VD	VD	umami	http://pmlabstack.pythonanywhere.com/UMPred-FRL	1
VDEYIPTPER	VDEYIPTPER	umami	http://tastepeptides-meta.com/TastePeptidesDB	1
VDFDDLHR	VDFDDLHR	umami	http://tastepeptides-meta.com/TastePeptidesDB	1
VDR	VDR	umami	http://pmlabstack.pythonanywhere.com/UMPred-FRL	1
VDV	VDV	umami	http://pmlabstack.pythonanywhere.com/UMPred-FRL	1
VE	VE	umami	http://pmlabstack.pythonanywhere.com/UMPred-FRL	1
VEAL	VEAL	umami	http://tastepeptides-meta.com/TastePeptidesDB	1
VEL	VEL	umami	http://pmlabstack.pythonanywhere.com/UMPred-FRL	1
VENQQLAL	VENQQLAL	umami	http://tastepeptides-meta.com/TastePeptidesDB	1
VEV	VEV	umami	http://pmlabstack.pythonanywhere.com/UMPred-FRL	1
VF	VF	umami	http://pmlabstack.pythonanywhere.com/UMPred-FRL	1
VG	VG	umami	http://pmlabstack.pythonanywhere.com/UMPred-FRL	1
VGG	VGG	umami	http://pmlabstack.pythonanywhere.com/UMPred-FRL	1
VGNEFVTKG	VGNEFVTKG	umami	http://tastepeptides-meta.com/TastePeptidesDB	1
VGPDDDEKSW	VGPDDDEKSW	umami	http://tastepeptides-meta.com/TastePeptidesDB	1
VLPTDQNFILR	VLPTDQNFILR	umami	http://pmlabstack.pythonanywhere.com/UMPred-FRL	1
VNVDEVGGEALGR	VNVDEVGGEALGR	umami	http://tastepeptides-meta.com/TastePeptidesDB	1
VPVDILDHDNN	VPVDILDHDNN	umami	http://tastepeptides-meta.com/TastePeptidesDB	1
VPY	VPY	umami	http://pmlabstack.pythonanywhere.com/UMPred-FRL	1
VQPEDNKGVFQ	VQPEDNKGVFQ	umami	http://tastepeptides-meta.com/TastePeptidesDB	1
VRSY	VRSY	umami	http://pmlabstack.pythonanywhere.com/UMPred-FRL	1
VTADESQQDVLK	VTADESQQDVLK	umami	http://pmlabstack.pythonanywhere.com/UMPred-FRL	1
VV	VV	umami	http://pmlabstack.pythonanywhere.com/UMPred-FRL	1
VVGET	VVGET	umami	http://pmlabstack.pythonanywhere.com/UMPred-FRL	1
VVLNPVARVE	VVLNPVARVE	umami	http://tastepeptides-meta.com/TastePeptidesDB	1
VVVGTPGRVF	VVVGTPGRVF	umami	http://tastepeptides-meta.com/TastePeptidesDB	1
VYETPDR	VYETPDR	umami	http://tastepeptides-meta.com/TastePeptidesDB	1
WDDMEK	WDDMEK	umami	http://tastepeptides-meta.com/TastePeptidesDB	1
WNNDAFQSSTN	WNNDAFQSSTN	umami	http://tastepeptides-meta.com/TastePeptidesDB	1
YADSNIQINGTDR	YADSNIQINGTDR	umami	http://tastepeptides-meta.com/TastePeptidesDB	1
YDSTHGRFKGEVK	YDSTHGRFKGEVK	umami	http://tastepeptides-meta.com/TastePeptidesDB	1
YGGTPPFV	YGGTPPFV	umami	http://pmlabstack.pythonanywhere.com/UMPred-FRL	1
YLASCLSSVKEEK	YLASCLSSVKEEK	umami	http://tastepeptides-meta.com/TastePeptidesDB	1
YNEYPPLGR	YNEYPPLGR	umami	http://tastepeptides-meta.com/TastePeptidesDB	1
YVDPNVLPE	YVDPNVLPE	umami	http://tastepeptides-meta.com/TastePeptidesDB	1
YVGDEAQSKRG	YVGDEAQSKRG	umami	http://tastepeptides-meta.com/TastePeptidesDB	1
AF	AF	none_umami	http://pmlabstack.pythonanywhere.com/UMPred-FRL	0
AGNPDIEHPE	AGNPDIEHPE	none_umami	http://pmlabstack.pythonanywhere.com/UMPred-FRL	0
AL	AL	none_umami	http://pmlabstack.pythonanywhere.com/UMPred-FRL	0
ALEPDHR	ALEPDHR	none_umami	http://pmlabstack.pythonanywhere.com/UMPred-FRL	0
APFPEVF	APFPEVF	none_umami	http://pmlabstack.pythonanywhere.com/UMPred-FRL	0
APFPEVFG	APFPEVFG	none_umami	http://pmlabstack.pythonanywhere.com/UMPred-FRL	0
APK	APK	none_umami	http://pmlabstack.pythonanywhere.com/UMPred-FRL	0
APKHKEMPFPKYPVEPF	APKHKEMPFPKYPVEPF	none_umami	http://pmlabstack.pythonanywhere.com/UMPred-FRL	0
AQTQSLVYPFPGPIPNSLPQNIPPLTQ	AQTQSLVYPFPGPIPNSLPQNIPPLTQ	none_umami	http://pmlabstack.pythonanywhere.com/UMPred-FRL	0
AV	AV	none_umami	http://pmlabstack.pythonanywhere.com/UMPred-FRL	0
AYFYPEL	AYFYPEL	none_umami	http://pmlabstack.pythonanywhere.com/UMPred-FRL	0
DLL	DLL	none_umami	http://pmlabstack.pythonanywhere.com/UMPred-FRL	0
DV	DV	none_umami	http://pmlabstack.pythonanywhere.com/UMPred-FRL	0
DY	DY	none_umami	http://pmlabstack.pythonanywhere.com/UMPred-FRL	0
EEN	EEN	none_umami	http://pmlabstack.pythonanywhere.com/UMPred-FRL	0
EF	EF	none_umami	http://pmlabstack.pythonanywhere.com/UMPred-FRL	0
EGG	EGG	none_umami	http://pmlabstack.pythonanywhere.com/UMPred-FRL	0
EI	EI	none_umami	http://pmlabstack.pythonanywhere.com/UMPred-FRL	0
ELL	ELL	none_umami	http://pmlabstack.pythonanywhere.com/UMPred-FRL	0
EPAD	EPAD	none_umami	http://pmlabstack.pythonanywhere.com/UMPred-FRL	0
EQGGEQG	EQGGEQG	none_umami	http://pmlabstack.pythonanywhere.com/UMPred-FRL	0
EQPQQNE	EQPQQNE	none_umami	http://pmlabstack.pythonanywhere.com/UMPred-FRL	0
EVLN	EVLN	none_umami	http://pmlabstack.pythonanywhere.com/UMPred-FRL	0
FALPQYLK	FALPQYLK	none_umami	http://pmlabstack.pythonanywhere.com/UMPred-FRL	0
FF	FF	none_umami	http://pmlabstack.pythonanywhere.com/UMPred-FRL	0
FFF	FFF	none_umami	http://pmlabstack.pythonanywhere.com/UMPred-FRL	0
FFG	FFG	none_umami	http://pmlabstack.pythonanywhere.com/UMPred-FRL	0
FFGG	FFGG	none_umami	http://pmlabstack.pythonanywhere.com/UMPred-FRL	0
FFPE	FFPE	none_umami	http://pmlabstack.pythonanywhere.com/UMPred-FRL	0
FFPG	FFPG	none_umami	http://pmlabstack.pythonanywhere.com/UMPred-FRL	0
FFPGG	FFPGG	none_umami	http://pmlabstack.pythonanywhere.com/UMPred-FRL	0
FFPP	FFPP	none_umami	http://pmlabstack.pythonanywhere.com/UMPred-FRL	0
FFPR	FFPR	none_umami	http://pmlabstack.pythonanywhere.com/UMPred-FRL	0
FFRPFFRPFF	FFRPFFRPFF	none_umami	http://pmlabstack.pythonanywhere.com/UMPred-FRL	0
FFVAPFPEVFGK	FFVAPFPEVFGK	none_umami	http://pmlabstack.pythonanywhere.com/UMPred-FRL	0
FG	FG	none_umami	http://pmlabstack.pythonanywhere.com/UMPred-FRL	0
FGF	FGF	none_umami	http://pmlabstack.pythonanywhere.com/UMPred-FRL	0
FGFG	FGFG	none_umami	http://pmlabstack.pythonanywhere.com/UMPred-FRL	0
FGG	FGG	none_umami	http://pmlabstack.pythonanywhere.com/UMPred-FRL	0
FGGF	FGGF	none_umami	http://pmlabstack.pythonanywhere.com/UMPred-FRL	0
FI	FI	none_umami	http://pmlabstack.pythonanywhere.com/UMPred-FRL	0
FIV	FIV	none_umami	http://pmlabstack.pythonanywhere.com/UMPred-FRL	0
FL	FL	none_umami	http://pmlabstack.pythonanywhere.com/UMPred-FRL	0
FLL	FLL	none_umami	http://pmlabstack.pythonanywhere.com/UMPred-FRL	0
FP	FP	none_umami	http://pmlabstack.pythonanywhere.com/UMPred-FRL	0
FPF	FPF	none_umami	http://pmlabstack.pythonanywhere.com/UMPred-FRL	0
FPK	FPK	none_umami	http://pmlabstack.pythonanywhere.com/UMPred-FRL	0
FPP	FPP	none_umami	http://pmlabstack.pythonanywhere.com/UMPred-FRL	0
FPPFIV	FPPFIV	none_umami	http://pmlabstack.pythonanywhere.com/UMPred-FRL	0
FV	FV	none_umami	http://pmlabstack.pythonanywhere.com/UMPred-FRL	0
FW	FW	none_umami	http://pmlabstack.pythonanywhere.com/UMPred-FRL	0
FY	FY	none_umami	http://pmlabstack.pythonanywhere.com/UMPred-FRL	0
FYPE	FYPE	none_umami	http://pmlabstack.pythonanywhere.com/UMPred-FRL	0
FYPELF	FYPELF	none_umami	http://pmlabstack.pythonanywhere.com/UMPred-FRL	0
FYPELFR	FYPELFR	none_umami	http://pmlabstack.pythonanywhere.com/UMPred-FRL	0
GF	GF	none_umami	http://pmlabstack.pythonanywhere.com/UMPred-FRL	0
GFF	GFF	none_umami	http://pmlabstack.pythonanywhere.com/UMPred-FRL	0
GFG	GFG	none_umami	http://pmlabstack.pythonanywhere.com/UMPred-FRL	0
GGF	GGF	none_umami	http://pmlabstack.pythonanywhere.com/UMPred-FRL	0
GGFF	GGFF	none_umami	http://pmlabstack.pythonanywhere.com/UMPred-FRL	0
GGFFGG	GGFFGG	none_umami	http://pmlabstack.pythonanywhere.com/UMPred-FRL	0
GGGGL	GGGGL	none_umami	http://pmlabstack.pythonanywhere.com/UMPred-FRL	0
GGGL	GGGL	none_umami	http://pmlabstack.pythonanywhere.com/UMPred-FRL	0
GGGLG	GGGLG	none_umami	http://pmlabstack.pythonanywhere.com/UMPred-FRL	0
GGL	GGL	none_umami	http://pmlabstack.pythonanywhere.com/UMPred-FRL	0
GGLG	GGLG	none_umami	http://pmlabstack.pythonanywhere.com/UMPred-FRL	0
GGLGG	GGLGG	none_umami	http://pmlabstack.pythonanywhere.com/UMPred-FRL	0
GGP	GGP	none_umami	http://pmlabstack.pythonanywhere.com/UMPred-FRL	0
GGRGPPFIV	GGRGPPFIV	none_umami	http://pmlabstack.pythonanywhere.com/UMPred-FRL	0
GGRGPPFIVGG	GGRGPPFIVGG	none_umami	http://pmlabstack.pythonanywhere.com/UMPred-FRL	0
GGRPFF	GGRPFF	none_umami	http://pmlabstack.pythonanywhere.com/UMPred-FRL	0
GGRPFFGG	GGRPFFGG	none_umami	http://pmlabstack.pythonanywhere.com/UMPred-FRL	0
GGV	GGV	none_umami	http://pmlabstack.pythonanywhere.com/UMPred-FRL	0
GGVVV	GGVVV	none_umami	http://pmlabstack.pythonanywhere.com/UMPred-FRL	0
GI	GI	none_umami	http://pmlabstack.pythonanywhere.com/UMPred-FRL	0
GKHQQEEENEGG	GKHQQEEENEGG	none_umami	http://pmlabstack.pythonanywhere.com/UMPred-FRL	0
GL	GL	none_umami	http://pmlabstack.pythonanywhere.com/UMPred-FRL	0
GLG	GLG	none_umami	http://pmlabstack.pythonanywhere.com/UMPred-FRL	0
GLGG	GLGG	none_umami	http://pmlabstack.pythonanywhere.com/UMPred-FRL	0
GLGGG	GLGGG	none_umami	http://pmlabstack.pythonanywhere.com/UMPred-FRL	0
GLL	GLL	none_umami	http://pmlabstack.pythonanywhere.com/UMPred-FRL	0
GLY	GLY	none_umami	http://pmlabstack.pythonanywhere.com/UMPred-FRL	0
GMIYPG	GMIYPG	none_umami	http://pmlabstack.pythonanywhere.com/UMPred-FRL	0
GNPDIEHP	GNPDIEHP	none_umami	http://pmlabstack.pythonanywhere.com/UMPred-FRL	0
GP	GP	none_umami	http://pmlabstack.pythonanywhere.com/UMPred-FRL	0
GPFF	GPFF	none_umami	http://pmlabstack.pythonanywhere.com/UMPred-FRL	0
GPFPII	GPFPII	none_umami	http://pmlabstack.pythonanywhere.com/UMPred-FRL	0
GPFPIIV	GPFPIIV	none_umami	http://pmlabstack.pythonanywhere.com/UMPred-FRL	0
GPFPVI	GPFPVI	none_umami	http://pmlabstack.pythonanywhere.com/UMPred-FRL	0
GPG	GPG	none_umami	http://pmlabstack.pythonanywhere.com/UMPred-FRL	0
GPPF	GPPF	none_umami	http://pmlabstack.pythonanywhere.com/UMPred-FRL	0
GPPFIV	GPPFIV	none_umami	http://pmlabstack.pythonanywhere.com/UMPred-FRL	0
GPVRGPFPIIV	GPVRGPFPIIV	none_umami	http://pmlabstack.pythonanywhere.com/UMPred-FRL	0
GR	GR	none_umami	http://pmlabstack.pythonanywhere.com/UMPred-FRL	0
GRP	GRP	none_umami	http://pmlabstack.pythonanywhere.com/UMPred-FRL	0
GV	GV	none_umami	http://pmlabstack.pythonanywhere.com/UMPred-FRL	0
GVV	GVV	none_umami	http://pmlabstack.pythonanywhere.com/UMPred-FRL	0
GW	GW	none_umami	http://pmlabstack.pythonanywhere.com/UMPred-FRL	0
GY	GY	none_umami	http://pmlabstack.pythonanywhere.com/UMPred-FRL	0
GYG	GYG	none_umami	http://pmlabstack.pythonanywhere.com/UMPred-FRL	0
GYY	GYY	none_umami	http://pmlabstack.pythonanywhere.com/UMPred-FRL	0
IA	IA	none_umami	http://pmlabstack.pythonanywhere.com/UMPred-FRL	0
ID	ID	none_umami	http://pmlabstack.pythonanywhere.com/UMPred-FRL	0
IE	IE	none_umami	http://pmlabstack.pythonanywhere.com/UMPred-FRL	0
IF	IF	none_umami	http://pmlabstack.pythonanywhere.com/UMPred-FRL	0
IG	IG	none_umami	http://pmlabstack.pythonanywhere.com/UMPred-FRL	0
IGTLAGA	IGTLAGA	none_umami	http://pmlabstack.pythonanywhere.com/UMPred-FRL	0
II	II	none_umami	http://pmlabstack.pythonanywhere.com/UMPred-FRL	0
IK	IK	none_umami	http://pmlabstack.pythonanywhere.com/UMPred-FRL	0
IL	IL	none_umami	http://pmlabstack.pythonanywhere.com/UMPred-FRL	0
IN	IN	none_umami	http://pmlabstack.pythonanywhere.com/UMPred-FRL	0
IP	IP	none_umami	http://pmlabstack.pythonanywhere.com/UMPred-FRL	0
IQ	IQ	none_umami	http://pmlabstack.pythonanywhere.com/UMPred-FRL	0
IS	IS	none_umami	http://pmlabstack.pythonanywhere.com/UMPred-FRL	0
IT	IT	none_umami	http://pmlabstack.pythonanywhere.com/UMPred-FRL	0
IV	IV	none_umami	http://pmlabstack.pythonanywhere.com/UMPred-FRL	0
IW	IW	none_umami	http://pmlabstack.pythonanywhere.com/UMPred-FRL	0
KAVPYPPQ	KAVPYPPQ	none_umami	http://pmlabstack.pythonanywhere.com/UMPred-FRL	0
KF	KF	none_umami	http://pmlabstack.pythonanywhere.com/UMPred-FRL	0
KLHENIAR	KLHENIAR	none_umami	http://pmlabstack.pythonanywhere.com/UMPred-FRL	0
KP	KP	none_umami	http://pmlabstack.pythonanywhere.com/UMPred-FRL	0
KPF	KPF	none_umami	http://pmlabstack.pythonanywhere.com/UMPred-FRL	0
KPK	KPK	none_umami	http://pmlabstack.pythonanywhere.com/UMPred-FRL	0
KPPFIV	KPPFIV	none_umami	http://pmlabstack.pythonanywhere.com/UMPred-FRL	0
LA	LA	none_umami	http://pmlabstack.pythonanywhere.com/UMPred-FRL	0
LAGNQEEE	LAGNQEEE	none_umami	http://pmlabstack.pythonanywhere.com/UMPred-FRL	0
LD	LD	none_umami	http://pmlabstack.pythonanywhere.com/UMPred-FRL	0
LEQLL	LEQLL	none_umami	http://pmlabstack.pythonanywhere.com/UMPred-FRL	0
LF	LF	none_umami	http://pmlabstack.pythonanywhere.com/UMPred-FRL	0
LG	LG	none_umami	http://pmlabstack.pythonanywhere.com/UMPred-FRL	0
LGG	LGG	none_umami	http://pmlabstack.pythonanywhere.com/UMPred-FRL	0
LGGG	LGGG	none_umami	http://pmlabstack.pythonanywhere.com/UMPred-FRL	0
LGGGG	LGGGG	none_umami	http://pmlabstack.pythonanywhere.com/UMPred-FRL	0
LGL	LGL	none_umami	http://pmlabstack.pythonanywhere.com/UMPred-FRL	0
LGYLEQLL	LGYLEQLL	none_umami	http://pmlabstack.pythonanywhere.com/UMPred-FRL	0
LI	LI	none_umami	http://pmlabstack.pythonanywhere.com/UMPred-FRL	0
LL	LL	none_umami	http://pmlabstack.pythonanywhere.com/UMPred-FRL	0
LLG	LLG	none_umami	http://pmlabstack.pythonanywhere.com/UMPred-FRL	0
LLL	LLL	none_umami	http://pmlabstack.pythonanywhere.com/UMPred-FRL	0
LLLL	LLLL	none_umami	http://pmlabstack.pythonanywhere.com/UMPred-FRL	0
LRL	LRL	none_umami	http://pmlabstack.pythonanywhere.com/UMPred-FRL	0
LRP	LRP	none_umami	http://pmlabstack.pythonanywhere.com/UMPred-FRL	0
LVYPFPGPIHN	LVYPFPGPIHN	none_umami	http://pmlabstack.pythonanywhere.com/UMPred-FRL	0
LW	LW	none_umami	http://pmlabstack.pythonanywhere.com/UMPred-FRL	0
LY	LY	none_umami	http://pmlabstack.pythonanywhere.com/UMPred-FRL	0
MAPKHKEMPFPKYPVEPF	MAPKHKEMPFPKYPVEPF	none_umami	http://pmlabstack.pythonanywhere.com/UMPred-FRL	0
MPFPKYPVEPF	MPFPKYPVEPF	none_umami	http://pmlabstack.pythonanywhere.com/UMPred-FRL	0
NALEPDHRVE	NALEPDHRVE	none_umami	http://pmlabstack.pythonanywhere.com/UMPred-FRL	0
NALPE	NALPE	none_umami	http://pmlabstack.pythonanywhere.com/UMPred-FRL	0
NENLL	NENLL	none_umami	http://pmlabstack.pythonanywhere.com/UMPred-FRL	0
NFNNQLDQQTPR	NFNNQLDQQTPR	none_umami	http://pmlabstack.pythonanywhere.com/UMPred-FRL	0
NLQG	NLQG	none_umami	http://pmlabstack.pythonanywhere.com/UMPred-FRL	0
NNEDT	NNEDT	none_umami	http://pmlabstack.pythonanywhere.com/UMPred-FRL	0
PA	PA	none_umami	http://pmlabstack.pythonanywhere.com/UMPred-FRL	0
PF	PF	none_umami	http://pmlabstack.pythonanywhere.com/UMPred-FRL	0
PFIV	PFIV	none_umami	http://pmlabstack.pythonanywhere.com/UMPred-FRL	0
PFP	PFP	none_umami	http://pmlabstack.pythonanywhere.com/UMPred-FRL	0
PFPGPI	PFPGPI	none_umami	http://pmlabstack.pythonanywhere.com/UMPred-FRL	0
PFPGPIP	PFPGPIP	none_umami	http://pmlabstack.pythonanywhere.com/UMPred-FRL	0
PFPGPIPNS	PFPGPIPNS	none_umami	http://pmlabstack.pythonanywhere.com/UMPred-FRL	0
PFPIIV	PFPIIV	none_umami	http://pmlabstack.pythonanywhere.com/UMPred-FRL	0
PFPP	PFPP	none_umami	http://pmlabstack.pythonanywhere.com/UMPred-FRL	0
PG	PG	none_umami	http://pmlabstack.pythonanywhere.com/UMPred-FRL	0
PGG	PGG	none_umami	http://pmlabstack.pythonanywhere.com/UMPred-FRL	0
PGI	PGI	none_umami	http://pmlabstack.pythonanywhere.com/UMPred-FRL	0
PGP	PGP	none_umami	http://pmlabstack.pythonanywhere.com/UMPred-FRL	0
PGPGPG	PGPGPG	none_umami	http://pmlabstack.pythonanywhere.com/UMPred-FRL	0
PGPIP	PGPIP	none_umami	http://pmlabstack.pythonanywhere.com/UMPred-FRL	0
PGR	PGR	none_umami	http://pmlabstack.pythonanywhere.com/UMPred-FRL	0
PI	PI	none_umami	http://pmlabstack.pythonanywhere.com/UMPred-FRL	0
PIP	PIP	none_umami	http://pmlabstack.pythonanywhere.com/UMPred-FRL	0
PK	PK	none_umami	http://pmlabstack.pythonanywhere.com/UMPred-FRL	0
PL	PL	none_umami	http://pmlabstack.pythonanywhere.com/UMPred-FRL	0
PP	PP	none_umami	http://pmlabstack.pythonanywhere.com/UMPred-FRL	0
PPF	PPF	none_umami	http://pmlabstack.pythonanywhere.com/UMPred-FRL	0
PPFIV	PPFIV	none_umami	http://pmlabstack.pythonanywhere.com/UMPred-FRL	0
PPG	PPG	none_umami	http://pmlabstack.pythonanywhere.com/UMPred-FRL	0
PPP	PPP	none_umami	http://pmlabstack.pythonanywhere.com/UMPred-FRL	0
PR	PR	none_umami	http://pmlabstack.pythonanywhere.com/UMPred-FRL	0
PVLGPV	PVLGPV	none_umami	http://pmlabstack.pythonanywhere.com/UMPred-FRL	0
PVLGPVRGPFPIIV	PVLGPVRGPFPIIV	none_umami	http://pmlabstack.pythonanywhere.com/UMPred-FRL	0
PVRGPFPIIV	PVRGPFPIIV	none_umami	http://pmlabstack.pythonanywhere.com/UMPred-FRL	0
PY	PY	none_umami	http://pmlabstack.pythonanywhere.com/UMPred-FRL	0
QDKIHPFAQTQSLVYPFPGP	QDKIHPFAQTQSLVYPFPGP	none_umami	http://pmlabstack.pythonanywhere.com/UMPred-FRL	0
QLFGPNVNPWHNP	QLFGPNVNPWHNP	none_umami	http://pmlabstack.pythonanywhere.com/UMPred-FRL	0
QLFNPS	QLFNPS	none_umami	http://pmlabstack.pythonanywhere.com/UMPred-FRL	0
QLFNPSTNP	QLFNPSTNP	none_umami	http://pmlabstack.pythonanywhere.com/UMPred-FRL	0
QLFNPSTNPWH	QLFNPSTNPWH	none_umami	http://pmlabstack.pythonanywhere.com/UMPred-FRL	0
QLFNPSTNPWHSP	QLFNPSTNPWHSP	none_umami	http://pmlabstack.pythonanywhere.com/UMPred-FRL	0
QNDKIHPFAQTQSLVYPFGPIP	QNDKIHPFAQTQSLVYPFGPIP	none_umami	http://pmlabstack.pythonanywhere.com/UMPred-FRL	0
QNDKIHPFAQTQSLVYPFGPIPNSLPQNIPPLTQTPVVV	QNDKIHPFAQTQSLVYPFGPIPNSLPQNIPPLTQTPVVV	none_umami	http://pmlabstack.pythonanywhere.com/UMPred-FRL	0
QPVLGPVRGPFPIIV	QPVLGPVRGPFPIIV	none_umami	http://pmlabstack.pythonanywhere.com/UMPred-FRL	0
QQPVLGPVRGPFPI	QQPVLGPVRGPFPI	none_umami	http://pmlabstack.pythonanywhere.com/UMPred-FRL	0
QSKVLPVPQ	QSKVLPVPQ	none_umami	http://pmlabstack.pythonanywhere.com/UMPred-FRL	0
RDMPIQAFLLY	RDMPIQAFLLY	none_umami	http://pmlabstack.pythonanywhere.com/UMPred-FRL	0
RF	RF	none_umami	http://pmlabstack.pythonanywhere.com/UMPred-FRL	0
RG	RG	none_umami	http://pmlabstack.pythonanywhere.com/UMPred-FRL	0
RGFF	RGFF	none_umami	http://pmlabstack.pythonanywhere.com/UMPred-FRL	0
RGGFIV	RGGFIV	none_umami	http://pmlabstack.pythonanywhere.com/UMPred-FRL	0
RGP	RGP	none_umami	http://pmlabstack.pythonanywhere.com/UMPred-FRL	0
RGPEPIIV	RGPEPIIV	none_umami	http://pmlabstack.pythonanywhere.com/UMPred-FRL	0
RGPFIV	RGPFIV	none_umami	http://pmlabstack.pythonanywhere.com/UMPred-FRL	0
RGPFPIIV	RGPFPIIV	none_umami	http://pmlabstack.pythonanywhere.com/UMPred-FRL	0
RGPFPIV	RGPFPIV	none_umami	http://pmlabstack.pythonanywhere.com/UMPred-FRL	0
RGPGPIIV	RGPGPIIV	none_umami	http://pmlabstack.pythonanywhere.com/UMPred-FRL	0
RGPKPIIV	RGPKPIIV	none_umami	http://pmlabstack.pythonanywhere.com/UMPred-FRL	0
RGPPF	RGPPF	none_umami	http://pmlabstack.pythonanywhere.com/UMPred-FRL	0
RGPPFF	RGPPFF	none_umami	http://pmlabstack.pythonanywhere.com/UMPred-FRL	0
RGPPFFF	RGPPFFF	none_umami	http://pmlabstack.pythonanywhere.com/UMPred-FRL	0
RGPPFGG	RGPPFGG	none_umami	http://pmlabstack.pythonanywhere.com/UMPred-FRL	0
RGPPFI	RGPPFI	none_umami	http://pmlabstack.pythonanywhere.com/UMPred-FRL	0
RGPPFIIV	RGPPFIIV	none_umami	http://pmlabstack.pythonanywhere.com/UMPred-FRL	0
RGPPFIV	RGPPFIV	none_umami	http://pmlabstack.pythonanywhere.com/UMPred-FRL	0
RGPPFIVGG	RGPPFIVGG	none_umami	http://pmlabstack.pythonanywhere.com/UMPred-FRL	0
RGPPFIVRGPPFIV	RGPPFIVRGPPFIV	none_umami	http://pmlabstack.pythonanywhere.com/UMPred-FRL	0
RGPPGF	RGPPGF	none_umami	http://pmlabstack.pythonanywhere.com/UMPred-FRL	0
RGPPGFF	RGPPGFF	none_umami	http://pmlabstack.pythonanywhere.com/UMPred-FRL	0
RGPPGFG	RGPPGFG	none_umami	http://pmlabstack.pythonanywhere.com/UMPred-FRL	0
RGPPGGF	RGPPGGF	none_umami	http://pmlabstack.pythonanywhere.com/UMPred-FRL	0
RGPPGGFF	RGPPGGFF	none_umami	http://pmlabstack.pythonanywhere.com/UMPred-FRL	0
RGPPGGGFF	RGPPGGGFF	none_umami	http://pmlabstack.pythonanywhere.com/UMPred-FRL	0
RGPPGGV	RGPPGGV	none_umami	http://pmlabstack.pythonanywhere.com/UMPred-FRL	0
RGPPGIG	RGPPGIG	none_umami	http://pmlabstack.pythonanywhere.com/UMPred-FRL	0
RP	RP	none_umami	http://pmlabstack.pythonanywhere.com/UMPred-FRL	0
RPF	RPF	none_umami	http://pmlabstack.pythonanywhere.com/UMPred-FRL	0
RPFF	RPFF	none_umami	http://pmlabstack.pythonanywhere.com/UMPred-FRL	0
RPFFGG	RPFFGG	none_umami	http://pmlabstack.pythonanywhere.com/UMPred-FRL	0
RPFFRPFF	RPFFRPFF	none_umami	http://pmlabstack.pythonanywhere.com/UMPred-FRL	0
RPFFRPFFRPFF	RPFFRPFFRPFF	none_umami	http://pmlabstack.pythonanywhere.com/UMPred-FRL	0
RPFG	RPFG	none_umami	http://pmlabstack.pythonanywhere.com/UMPred-FRL	0
RPG	RPG	none_umami	http://pmlabstack.pythonanywhere.com/UMPred-FRL	0
RPGF	RPGF	none_umami	http://pmlabstack.pythonanywhere.com/UMPred-FRL	0
RPGFF	RPGFF	none_umami	http://pmlabstack.pythonanywhere.com/UMPred-FRL	0
RPGGFF	RPGGFF	none_umami	http://pmlabstack.pythonanywhere.com/UMPred-FRL	0
RPKHPIKHQ	RPKHPIKHQ	none_umami	http://pmlabstack.pythonanywhere.com/UMPred-FRL	0
RPPFIV	RPPFIV	none_umami	http://pmlabstack.pythonanywhere.com/UMPred-FRL	0
RPPPFFF	RPPPFFF	none_umami	http://pmlabstack.pythonanywhere.com/UMPred-FRL	0
RR	RR	none_umami	http://pmlabstack.pythonanywhere.com/UMPred-FRL	0
RRPFF	RRPFF	none_umami	http://pmlabstack.pythonanywhere.com/UMPred-FRL	0
RRPP	RRPP	none_umami	http://pmlabstack.pythonanywhere.com/UMPred-FRL	0
RRPPFF	RRPPFF	none_umami	http://pmlabstack.pythonanywhere.com/UMPred-FRL	0
RRPPGF	RRPPGF	none_umami	http://pmlabstack.pythonanywhere.com/UMPred-FRL	0
RRPPPFFF	RRPPPFFF	none_umami	http://pmlabstack.pythonanywhere.com/UMPred-FRL	0
RRR	RRR	none_umami	http://pmlabstack.pythonanywhere.com/UMPred-FRL	0
SAEFG	SAEFG	none_umami	http://pmlabstack.pythonanywhere.com/UMPred-FRL	0
SL	SL	none_umami	http://pmlabstack.pythonanywhere.com/UMPred-FRL	0
SLA	SLA	none_umami	http://pmlabstack.pythonanywhere.com/UMPred-FRL	0
TDVENLHLPPLL	TDVENLHLPPLL	none_umami	http://pmlabstack.pythonanywhere.com/UMPred-FRL	0
VA	VA	none_umami	http://pmlabstack.pythonanywhere.com/UMPred-FRL	0
VI	VI	none_umami	http://pmlabstack.pythonanywhere.com/UMPred-FRL	0
VIF	VIF	none_umami	http://pmlabstack.pythonanywhere.com/UMPred-FRL	0
VIFPPG	VIFPPG	none_umami	http://pmlabstack.pythonanywhere.com/UMPred-FRL	0
VIFPPGR	VIFPPGR	none_umami	http://pmlabstack.pythonanywhere.com/UMPred-FRL	0
VIIPFPG	VIIPFPG	none_umami	http://pmlabstack.pythonanywhere.com/UMPred-FRL	0
VIIPFPGR	VIIPFPGR	none_umami	http://pmlabstack.pythonanywhere.com/UMPred-FRL	0
VIPFPGR	VIPFPGR	none_umami	http://pmlabstack.pythonanywhere.com/UMPred-FRL	0
VL	VL	none_umami	http://pmlabstack.pythonanywhere.com/UMPred-FRL	0
VPLGTQYTDAPSF	VPLGTQYTDAPSF	none_umami	http://pmlabstack.pythonanywhere.com/UMPred-FRL	0
VPPFLE	VPPFLE	none_umami	http://pmlabstack.pythonanywhere.com/UMPred-FRL	0
VPPFLQ	VPPFLQ	none_umami	http://pmlabstack.pythonanywhere.com/UMPred-FRL	0
VVV	VVV	none_umami	http://pmlabstack.pythonanywhere.com/UMPred-FRL	0
VVVPPFL	VVVPPFL	none_umami	http://pmlabstack.pythonanywhere.com/UMPred-FRL	0
VVVPPFLQP	VVVPPFLQP	none_umami	http://pmlabstack.pythonanywhere.com/UMPred-FRL	0
VVYPWTQRF	VVYPWTQRF	none_umami	http://pmlabstack.pythonanywhere.com/UMPred-FRL	0
VY	VY	none_umami	http://pmlabstack.pythonanywhere.com/UMPred-FRL	0
VYP	VYP	none_umami	http://pmlabstack.pythonanywhere.com/UMPred-FRL	0
VYPF	VYPF	none_umami	http://pmlabstack.pythonanywhere.com/UMPred-FRL	0
VYPFGGGINH	VYPFGGGINH	none_umami	http://pmlabstack.pythonanywhere.com/UMPred-FRL	0
VYPFPPG	VYPFPPG	none_umami	http://pmlabstack.pythonanywhere.com/UMPred-FRL	0
VYPFPPGI	VYPFPPGI	none_umami	http://pmlabstack.pythonanywhere.com/UMPred-FRL	0
VYPFPPGIGG	VYPFPPGIGG	none_umami	http://pmlabstack.pythonanywhere.com/UMPred-FRL	0
VYPFPPGINH	VYPFPPGINH	none_umami	http://pmlabstack.pythonanywhere.com/UMPred-FRL	0
VYPFPPIGNH	VYPFPPIGNH	none_umami	http://pmlabstack.pythonanywhere.com/UMPred-FRL	0
WE	WE	none_umami	http://pmlabstack.pythonanywhere.com/UMPred-FRL	0
WF	WF	none_umami	http://pmlabstack.pythonanywhere.com/UMPred-FRL	0
WL	WL	none_umami	http://pmlabstack.pythonanywhere.com/UMPred-FRL	0
WP	WP	none_umami	http://pmlabstack.pythonanywhere.com/UMPred-FRL	0
WW	WW	none_umami	http://pmlabstack.pythonanywhere.com/UMPred-FRL	0
WWW	WWW	none_umami	http://pmlabstack.pythonanywhere.com/UMPred-FRL	0
YEGNS	YEGNS	none_umami	http://pmlabstack.pythonanywhere.com/UMPred-FRL	0
YF	YF	none_umami	http://pmlabstack.pythonanywhere.com/UMPred-FRL	0
YG	YG	none_umami	http://pmlabstack.pythonanywhere.com/UMPred-FRL	0
YGG	YGG	none_umami	http://pmlabstack.pythonanywhere.com/UMPred-FRL	0
YGY	YGY	none_umami	http://pmlabstack.pythonanywhere.com/UMPred-FRL	0
YL	YL	none_umami	http://pmlabstack.pythonanywhere.com/UMPred-FRL	0
YLEQLLR	YLEQLLR	none_umami	http://pmlabstack.pythonanywhere.com/UMPred-FRL	0
YLGYLEQLLR	YLGYLEQLLR	none_umami	http://pmlabstack.pythonanywhere.com/UMPred-FRL	0
YP	YP	none_umami	http://pmlabstack.pythonanywhere.com/UMPred-FRL	0
YPF	YPF	none_umami	http://pmlabstack.pythonanywhere.com/UMPred-FRL	0
YPFPGPI	YPFPGPI	none_umami	http://pmlabstack.pythonanywhere.com/UMPred-FRL	0
YPFPGPIHNS	YPFPGPIHNS	none_umami	http://pmlabstack.pythonanywhere.com/UMPred-FRL	0
YQEPVLGPVRGPFPI	YQEPVLGPVRGPFPI	none_umami	http://pmlabstack.pythonanywhere.com/UMPred-FRL	0
YQEPVLGPVRGPFPIIV	YQEPVLGPVRGPFPIIV	none_umami	http://pmlabstack.pythonanywhere.com/UMPred-FRL	0
YQQPVLGPVRGPFPI	YQQPVLGPVRGPFPI	none_umami	http://pmlabstack.pythonanywhere.com/UMPred-FRL	0
YQQPVLGPVRGPFPII	YQQPVLGPVRGPFPII	none_umami	http://pmlabstack.pythonanywhere.com/UMPred-FRL	0
YQQPVLGPVRGPFPIIV	YQQPVLGPVRGPFPIIV	none_umami	http://pmlabstack.pythonanywhere.com/UMPred-FRL	0
YY	YY	none_umami	http://pmlabstack.pythonanywhere.com/UMPred-FRL	0
YYG	YYG	none_umami	http://pmlabstack.pythonanywhere.com/UMPred-FRL	0
YYY	YYY	none_umami	http://pmlabstack.pythonanywhere.com/UMPred-FRL	0
